Driver,Compound,Stint,OriginLapNumber,TargetLapNumber,OriginStartSeconds,OriginEndSeconds,TargetStartSeconds,TargetEndSeconds,TyreLife,LastLapSeconds,TrailingMedianSeconds,TrailingDeltaSeconds,HistoryCount,TargetSeconds,ResidualTargetSeconds,Split
LEC,SOFT,1,2,3,3698.476,3795.338,3795.338,3893.4,5.0,96.862,96.862,0.0,1,98.062,1.2000000000000028,train
SAI,SOFT,1,2,3,3700.825,3798.061,3798.061,3895.141,5.0,97.236,97.236,0.0,1,97.08,-0.1560000000000059,train
SAI,SOFT,1,3,4,3798.061,3895.141,3895.141,3992.405,6.0,97.08,97.158,0.07800000000000296,2,97.264,0.1839999999999975,train
SAI,SOFT,1,4,5,3895.141,3992.405,3992.405,4090.437,7.0,97.264,97.236,-0.027999999999991587,3,98.032,0.7680000000000007,train
LEC,SOFT,1,5,6,3991.152,4089.283,4089.283,4187.065,8.0,98.131,98.131,0.0,1,97.782,-0.34900000000000375,train
SAI,SOFT,1,5,6,3992.405,4090.437,4090.437,4188.178,8.0,98.032,97.264,-0.7680000000000007,3,97.741,-0.2909999999999968,train
LEC,SOFT,1,6,7,4089.283,4187.065,4187.065,4286.022,9.0,97.782,97.9565,0.17450000000000898,2,98.957,1.1749999999999972,train
SAI,SOFT,1,6,7,4090.437,4188.178,4188.178,4286.438,9.0,97.741,97.741,0.0,3,98.26,0.5190000000000055,train
LEC,SOFT,1,7,8,4187.065,4286.022,4286.022,4384.158,10.0,98.957,98.131,-0.8259999999999934,3,98.136,-0.820999999999998,train
SAI,SOFT,1,7,8,4188.178,4286.438,4286.438,4384.621,10.0,98.26,98.032,-0.22800000000000864,3,98.183,-0.07699999999999818,train
LEC,SOFT,1,8,9,4286.022,4384.158,4384.158,4482.002,11.0,98.136,98.136,0.0,3,97.844,-0.2920000000000016,train
SAI,SOFT,1,8,9,4286.438,4384.621,4384.621,4482.651,11.0,98.183,98.183,0.0,3,98.03,-0.1530000000000058,train
SAI,SOFT,1,11,12,4580.259,4677.915,4677.915,4775.565,14.0,97.656,97.656,0.0,1,97.65,-0.006000000000000227,train
SAI,SOFT,1,12,13,4677.915,4775.565,4775.565,4872.808,15.0,97.65,97.653,0.0030000000000001137,2,97.243,-0.4070000000000107,train
LEC,HARD,2,13,14,4799.094,4895.526,4895.526,4992.282,2.0,96.432,96.432,0.0,1,96.756,0.32399999999999807,train
LEC,HARD,2,14,15,4895.526,4992.282,4992.282,5089.095,3.0,96.756,96.594,-0.16200000000000614,2,96.813,0.05700000000000216,train
LEC,HARD,2,15,16,4992.282,5089.095,5089.095,5185.768,4.0,96.813,96.756,-0.05700000000000216,3,96.673,-0.14000000000000057,train
LEC,HARD,2,16,17,5089.095,5185.768,5185.768,5283.07,5.0,96.673,96.756,0.08299999999999841,3,97.302,0.6290000000000049,train
SAI,HARD,2,16,17,5089.786,5186.162,5186.162,5281.669,2.0,96.376,96.376,0.0,1,95.507,-0.8689999999999998,train
SAI,HARD,2,17,18,5186.162,5281.669,5281.669,5377.757,3.0,95.507,95.9415,0.4344999999999999,2,96.088,0.5809999999999889,train
LEC,HARD,2,17,18,5185.768,5283.07,5283.07,5380.508,6.0,97.302,96.813,-0.4890000000000043,3,97.438,0.13599999999999568,train
SAI,HARD,2,18,19,5281.669,5377.757,5377.757,5473.993,4.0,96.088,96.088,0.0,3,96.236,0.14800000000001035,train
LEC,HARD,2,18,19,5283.07,5380.508,5380.508,5477.329,7.0,97.438,97.302,-0.13599999999999568,3,96.821,-0.6170000000000044,train
SAI,HARD,2,19,20,5377.757,5473.993,5473.993,5570.027,5.0,96.236,96.088,-0.14800000000001035,3,96.034,-0.20199999999999818,train
LEC,HARD,2,19,20,5380.508,5477.329,5477.329,5574.123,8.0,96.821,97.302,0.48100000000000875,3,96.794,-0.027000000000001023,train
SAI,HARD,2,20,21,5473.993,5570.027,5570.027,5666.131,6.0,96.034,96.088,0.053999999999987836,3,96.104,0.06999999999999318,train
LEC,HARD,2,20,21,5477.329,5574.123,5574.123,5671.1,9.0,96.794,96.821,0.027000000000001023,3,96.977,0.18300000000000693,train
SAI,HARD,2,21,22,5570.027,5666.131,5666.131,5762.139,7.0,96.104,96.104,0.0,3,96.008,-0.09600000000000364,train
LEC,HARD,2,21,22,5574.123,5671.1,5671.1,5767.896,10.0,96.977,96.821,-0.1560000000000059,3,96.796,-0.18099999999999739,train
SAI,HARD,2,22,23,5666.131,5762.139,5762.139,5858.288,8.0,96.008,96.034,0.02600000000001046,3,96.149,0.14100000000000534,train
LEC,HARD,2,22,23,5671.1,5767.896,5767.896,5864.883,11.0,96.796,96.796,0.0,3,96.987,0.1909999999999883,train
SAI,HARD,2,23,24,5762.139,5858.288,5858.288,5954.488,9.0,96.149,96.104,-0.045000000000001705,3,96.2,0.05100000000000193,train
LEC,HARD,2,23,24,5767.896,5864.883,5864.883,5961.807,12.0,96.987,96.977,-0.009999999999990905,3,96.924,-0.06299999999998818,train
SAI,HARD,2,24,25,5858.288,5954.488,5954.488,6050.708,10.0,96.2,96.149,-0.05100000000000193,3,96.22,0.01999999999999602,train
LEC,HARD,2,24,25,5864.883,5961.807,5961.807,6058.567,13.0,96.924,96.924,0.0,3,96.76,-0.16400000000000148,train
SAI,HARD,2,25,26,5954.488,6050.708,6050.708,6146.929,11.0,96.22,96.2,-0.01999999999999602,3,96.221,0.0010000000000047748,train
LEC,HARD,2,25,26,5961.807,6058.567,6058.567,6155.377,14.0,96.76,96.924,0.16400000000000148,3,96.81,0.04999999999999716,train
SAI,HARD,2,26,27,6050.708,6146.929,6146.929,6243.201,12.0,96.221,96.22,-0.0010000000000047748,3,96.272,0.05100000000000193,train
LEC,HARD,2,26,27,6058.567,6155.377,6155.377,6252.208,15.0,96.81,96.81,0.0,3,96.831,0.021000000000000796,train
SAI,HARD,2,27,28,6146.929,6243.201,6243.201,6339.735,13.0,96.272,96.221,-0.05100000000000193,3,96.534,0.26200000000000045,train
LEC,HARD,2,27,28,6155.377,6252.208,6252.208,6349.115,16.0,96.831,96.81,-0.021000000000000796,3,96.907,0.0759999999999934,train
SAI,HARD,2,28,29,6243.201,6339.735,6339.735,6436.335,14.0,96.534,96.272,-0.26200000000000045,3,96.6,0.06599999999998829,train
LEC,HARD,2,28,29,6252.208,6349.115,6349.115,6446.078,17.0,96.907,96.831,-0.0759999999999934,3,96.963,0.055999999999997385,train
SAI,HARD,2,29,30,6339.735,6436.335,6436.335,6532.672,15.0,96.6,96.534,-0.06599999999998829,3,96.337,-0.262999999999991,train
LEC,HARD,2,29,30,6349.115,6446.078,6446.078,6543.236,18.0,96.963,96.907,-0.055999999999997385,3,97.158,0.1950000000000074,train
SAI,HARD,2,30,31,6436.335,6532.672,6532.672,6629.209,16.0,96.337,96.534,0.19700000000000273,3,96.537,0.20000000000000284,train
LEC,HARD,2,30,31,6446.078,6543.236,6543.236,6640.267,19.0,97.158,96.963,-0.1950000000000074,3,97.031,-0.12699999999999534,train
SAI,HARD,2,31,32,6532.672,6629.209,6629.209,6725.971,17.0,96.537,96.537,0.0,3,96.762,0.22499999999999432,train
LEC,HARD,2,31,32,6543.236,6640.267,6640.267,6737.208,20.0,97.031,97.031,0.0,3,96.941,-0.09000000000000341,train
SAI,HARD,2,32,33,6629.209,6725.971,6725.971,6822.527,18.0,96.762,96.537,-0.22499999999999432,3,96.556,-0.20600000000000307,train
LEC,HARD,2,32,33,6640.267,6737.208,6737.208,6833.949,21.0,96.941,97.031,0.09000000000000341,3,96.741,-0.20000000000000284,train
SAI,HARD,2,33,34,6725.971,6822.527,6822.527,6919.078,19.0,96.556,96.556,0.0,3,96.551,-0.0049999999999954525,train
LEC,HARD,3,36,37,7049.729,7143.819,7143.819,7238.716,2.0,94.09,94.09,0.0,1,94.897,0.8070000000000022,validation
SAI,HARD,3,37,38,7133.972,7229.274,7229.274,7324.374,2.0,95.302,95.302,0.0,1,95.1,-0.2020000000000124,validation
LEC,HARD,3,37,38,7143.819,7238.716,7238.716,7333.499,3.0,94.897,94.49350000000001,-0.403499999999994,2,94.783,-0.11400000000000432,validation
SAI,HARD,3,38,39,7229.274,7324.374,7324.374,7419.083,3.0,95.1,95.201,0.10099999999999909,2,94.709,-0.39099999999999113,validation
LEC,HARD,3,38,39,7238.716,7333.499,7333.499,7428.586,4.0,94.783,94.783,0.0,3,95.087,0.30400000000000205,validation
SAI,HARD,3,39,40,7324.374,7419.083,7419.083,7513.822,4.0,94.709,95.1,0.39099999999999113,3,94.739,0.030000000000001137,validation
LEC,HARD,3,39,40,7333.499,7428.586,7428.586,7523.445,5.0,95.087,94.897,-0.18999999999999773,3,94.859,-0.22800000000000864,validation
SAI,HARD,3,40,41,7419.083,7513.822,7513.822,7608.863,5.0,94.739,94.739,0.0,3,95.041,0.3019999999999925,validation
LEC,HARD,3,40,41,7428.586,7523.445,7523.445,7618.473,6.0,94.859,94.859,0.0,3,95.028,0.16900000000001114,validation
SAI,HARD,3,41,42,7513.822,7608.863,7608.863,7703.724,6.0,95.041,94.739,-0.3019999999999925,3,94.861,-0.1799999999999926,validation
LEC,HARD,3,41,42,7523.445,7618.473,7618.473,7713.455,7.0,95.028,95.028,0.0,3,94.982,-0.04600000000000648,validation
SAI,HARD,3,42,43,7608.863,7703.724,7703.724,7798.519,7.0,94.861,94.861,0.0,3,94.795,-0.0660000000000025,validation
LEC,HARD,3,42,43,7618.473,7713.455,7713.455,7808.647,8.0,94.982,94.982,0.0,3,95.192,0.20999999999999375,validation
SAI,HARD,3,43,44,7703.724,7798.519,7798.519,7893.026,8.0,94.795,94.861,0.0660000000000025,3,94.507,-0.2879999999999967,validation
LEC,HARD,3,43,44,7713.455,7808.647,7808.647,7903.698,9.0,95.192,95.028,-0.16399999999998727,3,95.051,-0.14099999999999113,validation
SAI,HARD,3,44,45,7798.519,7893.026,7893.026,7987.816,9.0,94.507,94.795,0.2879999999999967,3,94.79,0.28300000000000125,validation
LEC,HARD,3,44,45,7808.647,7903.698,7903.698,7998.918,10.0,95.051,95.051,0.0,3,95.22,0.16899999999999693,validation
SAI,HARD,3,45,46,7893.026,7987.816,7987.816,8082.669,10.0,94.79,94.79,0.0,3,94.853,0.06299999999998818,purged
LEC,HARD,3,45,46,7903.698,7998.918,7998.918,8093.976,11.0,95.22,95.192,-0.028000000000005798,3,95.058,-0.16199999999999193,purged
SAI,HARD,3,46,47,7987.816,8082.669,8082.669,8177.57,11.0,94.853,94.79,-0.06299999999998818,3,94.901,0.04800000000000182,test
LEC,HARD,3,46,47,7998.918,8093.976,8093.976,8189.033,12.0,95.058,95.058,0.0,3,95.057,-0.0010000000000047748,test
SAI,HARD,3,47,48,8082.669,8177.57,8177.57,8272.551,12.0,94.901,94.853,-0.04800000000000182,3,94.981,0.0799999999999983,test
LEC,HARD,3,47,48,8093.976,8189.033,8189.033,8284.341,13.0,95.057,95.058,0.0010000000000047748,3,95.308,0.2510000000000048,test
SAI,HARD,3,48,49,8177.57,8272.551,8272.551,8367.991,13.0,94.981,94.901,-0.0799999999999983,3,95.44,0.4590000000000032,test
LEC,HARD,3,48,49,8189.033,8284.341,8284.341,8379.643,14.0,95.308,95.058,-0.25,3,95.302,-0.006000000000000227,test
SAI,HARD,3,49,50,8272.551,8367.991,8367.991,8463.133,14.0,95.44,94.981,-0.4590000000000032,3,95.142,-0.2980000000000018,test
LEC,HARD,3,49,50,8284.341,8379.643,8379.643,8475.026,15.0,95.302,95.302,0.0,3,95.383,0.08099999999998886,test
SAI,HARD,3,50,51,8367.991,8463.133,8463.133,8558.415,15.0,95.142,95.142,0.0,3,95.282,0.14000000000000057,test
LEC,HARD,3,50,51,8379.643,8475.026,8475.026,8570.444,16.0,95.383,95.308,-0.07499999999998863,3,95.418,0.0350000000000108,test
SAI,HARD,3,51,52,8463.133,8558.415,8558.415,8653.498,16.0,95.282,95.282,0.0,3,95.083,-0.19899999999999807,test
LEC,HARD,3,51,52,8475.026,8570.444,8570.444,8665.838,17.0,95.418,95.383,-0.0350000000000108,3,95.394,-0.02400000000000091,test
SAI,HARD,3,52,53,8558.415,8653.498,8653.498,8748.709,17.0,95.083,95.142,0.0589999999999975,3,95.211,0.1280000000000001,test
LEC,HARD,3,52,53,8570.444,8665.838,8665.838,8761.318,18.0,95.394,95.394,0.0,3,95.48,0.08599999999999852,test
SAI,HARD,3,53,54,8653.498,8748.709,8748.709,8844.018,18.0,95.211,95.211,0.0,3,95.309,0.09799999999999898,test
LEC,HARD,3,53,54,8665.838,8761.318,8761.318,8856.583,19.0,95.48,95.418,-0.06199999999999761,3,95.265,-0.2150000000000034,test
SAI,HARD,3,54,55,8748.709,8844.018,8844.018,8939.425,19.0,95.309,95.211,-0.09799999999999898,3,95.407,0.09799999999999898,test
LEC,HARD,3,54,55,8761.318,8856.583,8856.583,8952.368,20.0,95.265,95.394,0.1290000000000049,3,95.785,0.519999999999996,test
SAI,HARD,3,55,56,8844.018,8939.425,8939.425,9034.73,20.0,95.407,95.309,-0.09799999999999898,3,95.305,-0.10199999999998965,test
LEC,HARD,3,55,56,8856.583,8952.368,8952.368,9048.292,21.0,95.785,95.48,-0.3049999999999926,3,95.924,0.13900000000001,test
SAI,HARD,3,56,57,8939.425,9034.73,9034.73,9130.057,21.0,95.305,95.309,0.003999999999990678,3,95.327,0.02199999999999136,test
LEC,HARD,3,56,57,8952.368,9048.292,9048.292,9144.616,22.0,95.924,95.785,-0.13900000000001,3,96.324,0.3999999999999915,test
