Split,Model,Driver,Count,MAESeconds,RMSESeconds,BiasSeconds
validation,Ridge,ALL,17,0.2031550882390885,0.25281201120244007,0.12613058673541974
validation,Persistence,ALL,17,0.2311764705882357,0.2887541188909181,-0.036352941176470296
validation,Trailing median,ALL,17,0.23291176470588185,0.3050323271199863,-0.048911764705881
validation,Ridge,LEC,9,0.16256266025236402,0.2098181748635617,0.05165060412684852
validation,Persistence,LEC,9,0.24311111111111294,0.3217770104349366,-0.12555555555555506
validation,Trailing median,LEC,9,0.22838888888888992,0.32193619968351905,-0.20972222222221937
validation,Ridge,SAI,8,0.2488215697241536,0.29375234522725524,0.20992056717006236
validation,Persistence,SAI,8,0.21774999999999878,0.24636811887904403,0.06400000000000006
validation,Trailing median,SAI,8,0.23799999999999777,0.28481880204789484,0.13199999999999967
test,Ridge,ALL,22,0.14386407096585688,0.20758061707050537,-0.08388789186929622
test,Persistence,ALL,22,0.15590909090909058,0.21198327549811294,-0.07909090909090886
test,Trailing median,ALL,22,0.18059090909090839,0.2402300980310331,-0.148136363636363
test,Ridge,LEC,11,0.1689468394850722,0.24152226896520135,-0.09210264947778833
test,Persistence,LEC,11,0.15981818181818272,0.22858099817629685,-0.11509090909090829
test,Trailing median,LEC,11,0.21000000000000021,0.27172211741208846,-0.18199999999999827
test,Ridge,SAI,11,0.11878130244664155,0.16687246255941843,-0.07567313426080412
test,Persistence,SAI,11,0.15199999999999844,0.19397047572902815,-0.04309090909090943
test,Trailing median,SAI,11,0.15118181818181659,0.2039315838929585,-0.11427272727272773
