Driver,Compound,Stint,OriginLapNumber,TargetLapNumber,OriginStartSeconds,OriginEndSeconds,TargetStartSeconds,TargetEndSeconds,TyreLife,LastLapSeconds,TrailingMedianSeconds,TrailingDeltaSeconds,HistoryCount,TargetSeconds,ResidualTargetSeconds,Split,ActualSeconds,PersistenceSeconds,RidgeSeconds,RidgeErrorSeconds,PersistenceErrorSeconds,TrailingMedianErrorSeconds
LEC,HARD,3,36,37,7049.729,7143.819,7143.819,7238.716,2.0,94.09,94.09,0.0,1,94.897,0.8070000000000022,validation,94.897,94.09,94.48763137959286,-0.4093686204071503,-0.8070000000000022,-0.8070000000000022
SAI,HARD,3,37,38,7133.972,7229.274,7229.274,7324.374,2.0,95.302,95.302,0.0,1,95.1,-0.2020000000000124,validation,95.1,95.302,95.35063736115079,0.25063736115079394,0.2020000000000124,0.2020000000000124
LEC,HARD,3,37,38,7143.819,7238.716,7238.716,7333.499,3.0,94.897,94.49350000000001,-0.403499999999994,2,94.783,-0.11400000000000432,validation,94.783,94.897,94.94214282610446,0.15914282610445696,0.11400000000000432,-0.28949999999998965
SAI,HARD,3,38,39,7229.274,7324.374,7324.374,7419.083,3.0,95.1,95.201,0.10099999999999909,2,94.709,-0.39099999999999113,validation,94.709,95.1,95.23020642990573,0.5212064299057317,0.39099999999999113,0.4919999999999902
LEC,HARD,3,38,39,7238.716,7333.499,7333.499,7428.586,4.0,94.783,94.783,0.0,3,95.087,0.30400000000000205,validation,95.087,94.783,95.02996610546495,-0.05703389453505281,-0.30400000000000205,-0.30400000000000205
SAI,HARD,3,39,40,7324.374,7419.083,7419.083,7513.822,4.0,94.709,95.1,0.39099999999999113,3,94.739,0.030000000000001137,validation,94.739,94.709,95.04520170862729,0.3062017086272846,-0.030000000000001137,0.36099999999999
LEC,HARD,3,39,40,7333.499,7428.586,7428.586,7523.445,5.0,95.087,94.897,-0.18999999999999773,3,94.859,-0.22800000000000864,validation,94.859,95.087,95.18052139639602,0.3215213963960224,0.22800000000000864,0.038000000000010914
SAI,HARD,3,40,41,7419.083,7513.822,7513.822,7608.863,5.0,94.739,94.739,0.0,3,95.041,0.3019999999999925,validation,95.041,94.739,94.88539598978363,-0.15560401021636494,-0.3019999999999925,-0.3019999999999925
LEC,HARD,3,40,41,7428.586,7523.445,7523.445,7618.473,6.0,94.859,94.859,0.0,3,95.028,0.16900000000001114,validation,95.028,94.859,95.07995467537562,0.051954675375611714,-0.16900000000001114,-0.16900000000001114
SAI,HARD,3,41,42,7513.822,7608.863,7608.863,7703.724,6.0,95.041,94.739,-0.3019999999999925,3,94.861,-0.1799999999999926,validation,94.861,95.041,94.98324889684774,0.12224889684773643,0.1799999999999926,-0.12199999999999989
LEC,HARD,3,41,42,7523.445,7618.473,7618.473,7713.455,7.0,95.028,95.028,0.0,3,94.982,-0.04600000000000648,validation,94.982,95.028,95.20948274709102,0.2274827470910168,0.04600000000000648,0.04600000000000648
SAI,HARD,3,42,43,7608.863,7703.724,7703.724,7798.519,7.0,94.861,94.861,0.0,3,94.795,-0.0660000000000025,validation,94.795,94.861,94.972091080236,0.1770910802359964,0.0660000000000025,0.0660000000000025
LEC,HARD,3,42,43,7618.473,7713.455,7713.455,7808.647,8.0,94.982,94.982,0.0,3,95.192,0.20999999999999375,validation,95.192,94.982,95.16744773366587,-0.024552266334126216,-0.20999999999999375,-0.20999999999999375
SAI,HARD,3,43,44,7703.724,7798.519,7798.519,7893.026,8.0,94.795,94.861,0.0660000000000025,3,94.507,-0.2879999999999967,validation,94.507,94.795,94.94421300988057,0.43721300988056555,0.2879999999999967,0.3539999999999992
LEC,HARD,3,43,44,7713.455,7808.647,7808.647,7903.698,9.0,95.192,95.028,-0.16399999999998727,3,95.051,-0.14099999999999113,validation,95.051,95.192,95.25485804473935,0.20385804473934854,0.14099999999999113,-0.022999999999996135
SAI,HARD,3,44,45,7798.519,7893.026,7893.026,7987.816,9.0,94.507,94.795,0.2879999999999967,3,94.79,0.28300000000000125,validation,94.79,94.507,94.81037006092876,0.02037006092875515,-0.28300000000000125,0.0049999999999954525
LEC,HARD,3,44,45,7808.647,7903.698,7903.698,7998.918,10.0,95.051,95.051,0.0,3,95.22,0.16899999999999693,validation,95.22,95.051,95.21185052871151,-0.008149471288490417,-0.16899999999999693,-0.16899999999999693
SAI,HARD,3,46,47,7987.816,8082.669,8082.669,8177.57,11.0,94.853,94.79,-0.06299999999998818,3,94.901,0.04800000000000182,test,94.901,94.853,94.91564598889174,0.0146459888917434,-0.04800000000000182,-0.11099999999999
LEC,HARD,3,46,47,7998.918,8093.976,8093.976,8189.033,12.0,95.058,95.058,0.0,3,95.057,-0.0010000000000047748,test,95.057,95.058,95.20677931780966,0.14977931780966003,0.0010000000000047748,0.0010000000000047748
SAI,HARD,3,47,48,8082.669,8177.57,8177.57,8272.551,12.0,94.901,94.853,-0.04800000000000182,3,94.981,0.0799999999999983,test,94.981,94.901,94.95546456582275,-0.025535434177243133,-0.0799999999999983,-0.1280000000000001
LEC,HARD,3,47,48,8093.976,8189.033,8189.033,8284.341,13.0,95.057,95.058,0.0010000000000047748,3,95.308,0.2510000000000048,test,95.308,95.057,95.20110916466147,-0.1068908353385325,-0.2510000000000048,-0.25
SAI,HARD,3,48,49,8177.57,8272.551,8272.551,8367.991,13.0,94.981,94.901,-0.0799999999999983,3,95.44,0.4590000000000032,test,95.44,94.981,94.99937165762799,-0.4406283423720083,-0.4590000000000032,-0.5390000000000015
LEC,HARD,3,48,49,8189.033,8284.341,8284.341,8379.643,14.0,95.308,95.058,-0.25,3,95.302,-0.006000000000000227,test,95.302,95.308,95.28153739822453,-0.02046260177547765,0.006000000000000227,-0.24399999999999977
SAI,HARD,3,49,50,8272.551,8367.991,8367.991,8463.133,14.0,95.44,94.981,-0.4590000000000032,3,95.142,-0.2980000000000018,test,95.142,95.44,95.18736983210512,0.045369832105123464,0.2980000000000018,-0.16100000000000136
LEC,HARD,3,49,50,8284.341,8379.643,8379.643,8475.026,15.0,95.302,95.302,0.0,3,95.383,0.08099999999998886,test,95.383,95.302,95.38549799159786,0.002497991597863347,-0.08099999999998886,-0.08099999999998886
SAI,HARD,3,50,51,8367.991,8463.133,8463.133,8558.415,15.0,95.142,95.142,0.0,3,95.282,0.14000000000000057,test,95.282,95.142,95.15369209960788,-0.12830790039211593,-0.14000000000000057,-0.14000000000000057
LEC,HARD,3,50,51,8379.643,8475.026,8475.026,8570.444,16.0,95.383,95.308,-0.07499999999998863,3,95.418,0.0350000000000108,test,95.418,95.383,95.41058182559611,-0.00741817440389525,-0.0350000000000108,-0.10999999999999943
SAI,HARD,3,51,52,8463.133,8558.415,8558.415,8653.498,16.0,95.282,95.282,0.0,3,95.083,-0.19899999999999807,test,95.083,95.282,95.26007910402524,0.17707910402523908,0.19899999999999807,0.19899999999999807
LEC,HARD,3,51,52,8475.026,8570.444,8570.444,8665.838,17.0,95.418,95.383,-0.0350000000000108,3,95.394,-0.02400000000000091,test,95.394,95.418,95.4514345099633,0.057434509963300684,0.02400000000000091,-0.01100000000000989
SAI,HARD,3,52,53,8558.415,8653.498,8653.498,8748.709,17.0,95.083,95.142,0.0589999999999975,3,95.211,0.1280000000000001,test,95.211,95.083,95.12287715822208,-0.08812284177791696,-0.1280000000000001,-0.06900000000000261
LEC,HARD,3,52,53,8570.444,8665.838,8665.838,8761.318,18.0,95.394,95.394,0.0,3,95.48,0.08599999999999852,test,95.48,95.394,95.4429255540309,-0.037074445969111025,-0.08599999999999852,-0.08599999999999852
SAI,HARD,3,53,54,8653.498,8748.709,8748.709,8844.018,18.0,95.211,95.211,0.0,3,95.309,0.09799999999999898,test,95.309,95.211,95.19276640177007,-0.1162335982299254,-0.09799999999999898,-0.09799999999999898
LEC,HARD,3,53,54,8665.838,8761.318,8761.318,8856.583,19.0,95.48,95.418,-0.06199999999999761,3,95.265,-0.2150000000000034,test,95.265,95.48,95.47793122566924,0.21293122566923728,0.2150000000000034,0.1530000000000058
SAI,HARD,3,54,55,8748.709,8844.018,8844.018,8939.425,19.0,95.309,95.211,-0.09799999999999898,3,95.407,0.09799999999999898,test,95.407,95.309,95.22092061482988,-0.18607938517011746,-0.09799999999999898,-0.19599999999999795
LEC,HARD,3,54,55,8761.318,8856.583,8856.583,8952.368,20.0,95.265,95.394,0.1290000000000049,3,95.785,0.519999999999996,test,95.785,95.265,95.38819439411421,-0.3968056058857883,-0.519999999999996,-0.39099999999999113
SAI,HARD,3,55,56,8844.018,8939.425,8939.425,9034.73,20.0,95.407,95.309,-0.09799999999999898,3,95.305,-0.10199999999998965,test,95.305,95.407,95.293792970057,-0.011207029943008706,0.10199999999998965,0.003999999999990678
LEC,HARD,3,55,56,8856.583,8952.368,8952.368,9048.292,21.0,95.785,95.48,-0.3049999999999926,3,95.924,0.13900000000001,test,95.924,95.785,95.59977169017851,-0.32422830982149264,-0.13900000000001,-0.4440000000000026
SAI,HARD,3,56,57,8939.425,9034.73,9034.73,9130.057,21.0,95.305,95.309,0.003999999999990678,3,95.327,0.02199999999999136,test,95.327,95.305,95.25361513017138,-0.07338486982861525,-0.02199999999999136,-0.018000000000000682
LEC,HARD,3,56,57,8952.368,9048.292,9048.292,9144.616,22.0,95.924,95.785,-0.13900000000001,3,96.324,0.3999999999999915,test,96.324,95.924,95.78110778389856,-0.5428922161014356,-0.3999999999999915,-0.5390000000000015
