Split,EventKey,EventName,Model,Driver,Count,MAESeconds,RMSESeconds,BiasSeconds
validation,ALL,ALL,Ridge,ALL,232,0.22527924840606214,0.3206521482497044,-0.016406774571065964
validation,ALL,ALL,Persistence,ALL,232,0.2490646551724138,0.3584343048064298,-0.0519094827586209
validation,ALL,ALL,Trailing median,ALL,232,0.2484375000000003,0.3416942021775091,-0.11674353448275944
validation,ALL,ALL,Ridge,HAM,38,0.2511902970017746,0.34833200445525003,0.013443888708460344
validation,ALL,ALL,Persistence,HAM,38,0.2808157894736844,0.3727009172033385,-0.053815789473684254
validation,ALL,ALL,Trailing median,HAM,38,0.2853026315789469,0.3708561839993042,-0.11072368421052696
validation,ALL,ALL,Ridge,LEC,41,0.23129342419221263,0.3052286684718632,-0.03967227610032106
validation,ALL,ALL,Persistence,LEC,41,0.26290243902439153,0.36375598226578576,-0.029585365853658386
validation,ALL,ALL,Trailing median,LEC,41,0.22964634146341623,0.2938060273502187,-0.10042682926829216
validation,ALL,ALL,Ridge,PER,38,0.22230427752276122,0.3950007911533211,-0.020618388033375293
validation,ALL,ALL,Persistence,PER,38,0.24949999999999872,0.4612016627075508,-0.06786842105263216
validation,ALL,ALL,Trailing median,PER,38,0.26338157894736725,0.40935023127159087,-0.14619736842105363
validation,ALL,ALL,Ridge,RUS,38,0.2515491404387146,0.3485094159959158,-0.044267505391641225
validation,ALL,ALL,Persistence,RUS,38,0.28249999999999886,0.3805277844479186,-0.059605263157895126
validation,ALL,ALL,Trailing median,RUS,38,0.25228947368421134,0.3867359870560436,-0.15355263157894794
validation,ALL,ALL,Ridge,SAI,38,0.24763276841801224,0.29831285382567374,0.03330898447405118
validation,ALL,ALL,Persistence,SAI,38,0.26160526315789445,0.3103541695004524,-0.015447368421052718
validation,ALL,ALL,Trailing median,SAI,38,0.2613815789473685,0.3178693562323667,-0.03853947368421168
validation,ALL,ALL,Ridge,VER,39,0.14923202230353128,0.19593278397605918,-0.038224451568178226
validation,ALL,ALL,Persistence,VER,39,0.1583589743589755,0.21822629985571854,-0.08600000000000034
validation,ALL,ALL,Trailing median,VER,39,0.20134615384615473,0.24966922990023224,-0.15139743589743807
validation,2024-05,Chinese Grand Prix,Ridge,ALL,232,0.22527924840606214,0.3206521482497044,-0.016406774571065964
validation,2024-05,Chinese Grand Prix,Persistence,ALL,232,0.2490646551724138,0.3584343048064298,-0.0519094827586209
validation,2024-05,Chinese Grand Prix,Trailing median,ALL,232,0.2484375000000003,0.3416942021775091,-0.11674353448275944
validation,2024-05,Chinese Grand Prix,Ridge,HAM,38,0.2511902970017746,0.34833200445525003,0.013443888708460344
validation,2024-05,Chinese Grand Prix,Persistence,HAM,38,0.2808157894736844,0.3727009172033385,-0.053815789473684254
validation,2024-05,Chinese Grand Prix,Trailing median,HAM,38,0.2853026315789469,0.3708561839993042,-0.11072368421052696
validation,2024-05,Chinese Grand Prix,Ridge,LEC,41,0.23129342419221263,0.3052286684718632,-0.03967227610032106
validation,2024-05,Chinese Grand Prix,Persistence,LEC,41,0.26290243902439153,0.36375598226578576,-0.029585365853658386
validation,2024-05,Chinese Grand Prix,Trailing median,LEC,41,0.22964634146341623,0.2938060273502187,-0.10042682926829216
validation,2024-05,Chinese Grand Prix,Ridge,PER,38,0.22230427752276122,0.3950007911533211,-0.020618388033375293
validation,2024-05,Chinese Grand Prix,Persistence,PER,38,0.24949999999999872,0.4612016627075508,-0.06786842105263216
validation,2024-05,Chinese Grand Prix,Trailing median,PER,38,0.26338157894736725,0.40935023127159087,-0.14619736842105363
validation,2024-05,Chinese Grand Prix,Ridge,RUS,38,0.2515491404387146,0.3485094159959158,-0.044267505391641225
validation,2024-05,Chinese Grand Prix,Persistence,RUS,38,0.28249999999999886,0.3805277844479186,-0.059605263157895126
validation,2024-05,Chinese Grand Prix,Trailing median,RUS,38,0.25228947368421134,0.3867359870560436,-0.15355263157894794
validation,2024-05,Chinese Grand Prix,Ridge,SAI,38,0.24763276841801224,0.29831285382567374,0.03330898447405118
validation,2024-05,Chinese Grand Prix,Persistence,SAI,38,0.26160526315789445,0.3103541695004524,-0.015447368421052718
validation,2024-05,Chinese Grand Prix,Trailing median,SAI,38,0.2613815789473685,0.3178693562323667,-0.03853947368421168
validation,2024-05,Chinese Grand Prix,Ridge,VER,39,0.14923202230353128,0.19593278397605918,-0.038224451568178226
validation,2024-05,Chinese Grand Prix,Persistence,VER,39,0.1583589743589755,0.21822629985571854,-0.08600000000000034
validation,2024-05,Chinese Grand Prix,Trailing median,VER,39,0.20134615384615473,0.24966922990023224,-0.15139743589743807
test,ALL,ALL,Ridge,ALL,596,0.28075085256377297,0.4017064636736424,0.042865405128049774
test,ALL,ALL,Persistence,ALL,596,0.2881828859060406,0.41943116040912815,0.01421308724832213
test,ALL,ALL,Trailing median,ALL,596,0.28743708053691297,0.4174237286156712,0.008282718120805194
test,ALL,ALL,Ridge,HAM,102,0.35680802204733125,0.508371008959612,0.09678284997442795
test,ALL,ALL,Persistence,HAM,102,0.3461764705882356,0.5053213305005279,0.04199999999999992
test,ALL,ALL,Trailing median,HAM,102,0.3760098039215693,0.5539719944078725,0.05110784313725484
test,ALL,ALL,Ridge,LEC,100,0.24458783466390116,0.3287890365515983,-0.00972422208979964
test,ALL,ALL,Persistence,LEC,100,0.26128999999999936,0.34592474615152957,0.004809999999999945
test,ALL,ALL,Trailing median,LEC,100,0.2551299999999991,0.3403625566950632,-0.006420000000000101
test,ALL,ALL,Ridge,PER,99,0.367945785930339,0.5129668517491413,0.07283000329897633
test,ALL,ALL,Persistence,PER,99,0.38811111111111113,0.5625217840899648,0.02906060606060587
test,ALL,ALL,Trailing median,PER,99,0.3554545454545454,0.5033680802776671,0.016484848484847676
test,ALL,ALL,Ridge,RUS,97,0.3003918741370104,0.42291881130417136,0.013451013386095887
test,ALL,ALL,Persistence,RUS,97,0.30283505154639306,0.4310709153035252,-0.002690721649484638
test,ALL,ALL,Trailing median,RUS,97,0.31167010309278337,0.44883554952283333,-0.02503092783505225
test,ALL,ALL,Ridge,SAI,102,0.23807101896530503,0.3272710479408358,0.039936504045390724
test,ALL,ALL,Persistence,SAI,102,0.25468627450980486,0.3491330719951699,0.014666666666666758
test,ALL,ALL,Trailing median,SAI,102,0.24396568627451054,0.3359839624732343,0.01976960784313747
test,ALL,ALL,Ridge,VER,96,0.17319185291600117,0.22078227740662867,0.04229073885652257
test,ALL,ALL,Persistence,VER,96,0.17231249999999973,0.22942822951851455,-0.0042291666666664325
test,ALL,ALL,Trailing median,VER,96,0.1785416666666674,0.2241141473483261,-0.008906249999999597
test,2024-06,Miami Grand Prix,Ridge,ALL,262,0.2810091223572223,0.39171362295599316,0.10975169067955556
test,2024-06,Miami Grand Prix,Persistence,ALL,262,0.28009541984732833,0.3893778900006702,0.046950381679389266
test,2024-06,Miami Grand Prix,Trailing median,ALL,262,0.28374236641221373,0.41206214443680994,0.08273854961832032
test,2024-06,Miami Grand Prix,Ridge,HAM,45,0.3812261050543349,0.5147071992554084,0.18543924054775623
test,2024-06,Miami Grand Prix,Persistence,HAM,45,0.35611111111111093,0.49608962003967644,0.08868888888888889
test,2024-06,Miami Grand Prix,Trailing median,HAM,45,0.37946666666666684,0.5446120433646119,0.15573333333333322
test,2024-06,Miami Grand Prix,Ridge,LEC,44,0.26387228817659325,0.3562275916654688,0.052439821153248994
test,2024-06,Miami Grand Prix,Persistence,LEC,44,0.279181818181818,0.37454178065276816,0.03309090909090884
test,2024-06,Miami Grand Prix,Trailing median,LEC,44,0.2787613636363637,0.3729522041641664,0.061193181818181716
test,2024-06,Miami Grand Prix,Ridge,PER,43,0.30233444599643466,0.40403276234665536,0.1502190604466241
test,2024-06,Miami Grand Prix,Persistence,PER,43,0.2920930232558133,0.3907162772426107,0.06986046511627886
test,2024-06,Miami Grand Prix,Trailing median,PER,43,0.28848837209302264,0.42089896870919496,0.1118837209302314
test,2024-06,Miami Grand Prix,Ridge,RUS,42,0.3182011683956785,0.4562017835422758,0.11208917274129858
test,2024-06,Miami Grand Prix,Persistence,RUS,42,0.30135714285714343,0.4386503380229169,0.05645238095238084
test,2024-06,Miami Grand Prix,Trailing median,RUS,42,0.3447380952380942,0.5073021664602241,0.07983333333333287
test,2024-06,Miami Grand Prix,Ridge,SAI,44,0.24265526198488854,0.3235914530924906,0.07417696092600679
test,2024-06,Miami Grand Prix,Persistence,SAI,44,0.27729545454545473,0.3541536325587319,0.01375000000000009
test,2024-06,Miami Grand Prix,Trailing median,SAI,44,0.23256818181818256,0.31525449675979667,0.063522727272727
test,2024-06,Miami Grand Prix,Ridge,VER,44,0.1776630198312907,0.23003554637995396,0.08345167880836128
test,2024-06,Miami Grand Prix,Persistence,VER,44,0.17404545454545522,0.22920951114646276,0.01986363636363658
test,2024-06,Miami Grand Prix,Trailing median,VER,44,0.17913636363636407,0.2245977211897681,0.023136363636363975
test,2024-07,Emilia Romagna Grand Prix,Ridge,ALL,334,0.2805482576958576,0.4093744756955716,-0.009602279945287102
test,2024-07,Emilia Romagna Grand Prix,Persistence,ALL,334,0.29452694610778485,0.44157665937839674,-0.011467065868263468
test,2024-07,Emilia Romagna Grand Prix,Trailing median,ALL,334,0.29033532934131767,0.42158180175247445,-0.05012275449101805
test,2024-07,Emilia Romagna Grand Prix,Ridge,HAM,57,0.33753058809443365,0.5033124120862065,0.026790962679695086
test,2024-07,Emilia Romagna Grand Prix,Persistence,HAM,57,0.33833333333333404,0.5124920709699012,0.0051403508771928445
test,2024-07,Emilia Romagna Grand Prix,Trailing median,HAM,57,0.373280701754387,0.561251179032092,-0.031491228070175466
test,2024-07,Emilia Romagna Grand Prix,Ridge,LEC,56,0.22943576404678595,0.3055062188064292,-0.058567398923623566
test,2024-07,Emilia Romagna Grand Prix,Persistence,LEC,56,0.24723214285714182,0.3216587866046871,-0.017410714285714186
test,2024-07,Emilia Romagna Grand Prix,Trailing median,LEC,56,0.23656249999999826,0.31238025562948485,-0.059544642857142956
test,2024-07,Emilia Romagna Grand Prix,Ridge,PER,56,0.4183259219510155,0.5829564086745062,0.013406262989175386
test,2024-07,Emilia Romagna Grand Prix,Persistence,PER,56,0.46183928571428623,0.6649691050825485,-0.0022678571428573135
test,2024-07,Emilia Romagna Grand Prix,Trailing median,PER,56,0.40687500000000043,0.5584873943455282,-0.05676785714285769
test,2024-07,Emilia Romagna Grand Prix,Ridge,RUS,55,0.28679204943039116,0.39562168121780367,-0.061872671939695256
test,2024-07,Emilia Romagna Grand Prix,Persistence,RUS,55,0.3039636363636382,0.42519202079231827,-0.047854545454545545
test,2024-07,Emilia Romagna Grand Prix,Trailing median,RUS,55,0.28641818181818235,0.39845256361899095,-0.10510909090909179
test,2024-07,Emilia Romagna Grand Prix,Ridge,SAI,58,0.23459331736424163,0.33003510014561843,0.01396098503250957
test,2024-07,Emilia Romagna Grand Prix,Persistence,SAI,58,0.23753448275862218,0.34527567696472433,0.015362068965517334
test,2024-07,Emilia Romagna Grand Prix,Trailing median,SAI,58,0.25261206896551797,0.3508938156017947,-0.013422413793102854
test,2024-07,Emilia Romagna Grand Prix,Ridge,VER,52,0.16940855783383313,0.21263830934657701,0.007462251204966737
test,2024-07,Emilia Romagna Grand Prix,Persistence,VER,52,0.17084615384615276,0.2296131361827809,-0.024615384615384366
test,2024-07,Emilia Romagna Grand Prix,Trailing median,VER,52,0.17803846153846253,0.22370415301671032,-0.03601923076923031
