Time,Driver,DriverNumber,LapTime,LapNumber,Stint,PitOutTime,PitInTime,Sector1Time,Sector2Time,Sector3Time,Sector1SessionTime,Sector2SessionTime,Sector3SessionTime,SpeedI1,SpeedI2,SpeedFL,SpeedST,IsPersonalBest,Compound,TyreLife,FreshTyre,Team,LapStartTime,LapStartDate,TrackStatus,Position,Deleted,DeletedReason,FastF1Generated,IsAccurate,LapTimeSeconds,Included,ExclusionReasons
0 days 01:01:38.476000,LEC,16,0 days 00:01:38.271000,1.0,1.0,,,,0 days 00:00:41.549000,0 days 00:00:23.635000,,0 days 01:01:15.049000,0 days 01:01:38.589000,232.0,252.0,278.0,255.0,False,SOFT,4.0,False,Ferrari,0 days 00:59:59.911000,2024-03-02 15:03:42.342,12,2.0,False,,False,False,98.271,False,opening_lap;not_green_only;timing_not_accurate
0 days 01:03:15.338000,LEC,16,0 days 00:01:36.862000,2.0,1.0,,,0 days 00:00:31.166000,0 days 00:00:41.864000,0 days 00:00:23.832000,0 days 01:02:09.642000,0 days 01:02:51.506000,0 days 01:03:15.338000,232.0,240.0,277.0,293.0,True,SOFT,5.0,False,Ferrari,0 days 01:01:38.476000,2024-03-02 15:05:20.907,1,2.0,False,,False,True,96.862,True,
0 days 01:04:53.400000,LEC,16,0 days 00:01:38.062000,3.0,1.0,,,0 days 00:00:31.223000,0 days 00:00:42.856000,0 days 00:00:23.983000,0 days 01:03:46.561000,0 days 01:04:29.417000,0 days 01:04:53.400000,234.0,256.0,283.0,296.0,False,SOFT,6.0,False,Ferrari,0 days 01:03:15.338000,2024-03-02 15:06:57.769,1,3.0,False,,False,True,98.062,True,
0 days 01:06:31.152000,LEC,16,0 days 00:01:37.752000,4.0,1.0,,,0 days 00:00:30.958000,0 days 00:00:42.784000,0 days 00:00:24.010000,0 days 01:05:24.358000,0 days 01:06:07.142000,0 days 01:06:31.152000,233.0,242.0,279.0,313.0,False,SOFT,7.0,False,Ferrari,0 days 01:04:53.400000,2024-03-02 15:08:35.831,1,3.0,True,TRACK LIMITS AT TURN 10 LAP 4 ,False,True,97.752,False,deleted_or_unknown
0 days 01:08:09.283000,LEC,16,0 days 00:01:38.131000,5.0,1.0,,,0 days 00:00:31.192000,0 days 00:00:42.872000,0 days 00:00:24.067000,0 days 01:07:02.344000,0 days 01:07:45.216000,0 days 01:08:09.283000,232.0,242.0,283.0,298.0,False,SOFT,8.0,False,Ferrari,0 days 01:06:31.152000,2024-03-02 15:10:13.583,1,3.0,False,,False,True,98.131,True,
0 days 01:09:47.065000,LEC,16,0 days 00:01:37.782000,6.0,1.0,,,0 days 00:00:30.936000,0 days 00:00:42.751000,0 days 00:00:24.095000,0 days 01:08:40.219000,0 days 01:09:22.970000,0 days 01:09:47.065000,230.0,242.0,283.0,312.0,False,SOFT,9.0,False,Ferrari,0 days 01:08:09.283000,2024-03-02 15:11:51.714,1,3.0,False,,False,True,97.782,True,
0 days 01:11:26.022000,LEC,16,0 days 00:01:38.957000,7.0,1.0,,,0 days 00:00:31.008000,0 days 00:00:43.761000,0 days 00:00:24.188000,0 days 01:10:18.073000,0 days 01:11:01.834000,0 days 01:11:26.022000,231.0,246.0,285.0,310.0,False,SOFT,10.0,False,Ferrari,0 days 01:09:47.065000,2024-03-02 15:13:29.496,1,4.0,False,,False,True,98.957,True,
0 days 01:13:04.158000,LEC,16,0 days 00:01:38.136000,8.0,1.0,,,0 days 00:00:31.200000,0 days 00:00:42.753000,0 days 00:00:24.183000,0 days 01:11:57.222000,0 days 01:12:39.975000,0 days 01:13:04.158000,232.0,258.0,284.0,316.0,False,SOFT,11.0,False,Ferrari,0 days 01:11:26.022000,2024-03-02 15:15:08.453,1,4.0,False,,False,True,98.136,True,
0 days 01:14:42.002000,LEC,16,0 days 00:01:37.844000,9.0,1.0,,,0 days 00:00:31.147000,0 days 00:00:42.533000,0 days 00:00:24.164000,0 days 01:13:35.305000,0 days 01:14:17.838000,0 days 01:14:42.002000,229.0,258.0,283.0,314.0,False,SOFT,12.0,False,Ferrari,0 days 01:13:04.158000,2024-03-02 15:16:46.589,1,4.0,False,,False,True,97.844,True,
0 days 01:16:19.886000,LEC,16,0 days 00:01:37.884000,10.0,1.0,,,0 days 00:00:30.988000,0 days 00:00:42.534000,0 days 00:00:24.362000,0 days 01:15:12.990000,0 days 01:15:55.524000,0 days 01:16:19.886000,230.0,254.0,279.0,316.0,False,SOFT,13.0,False,Ferrari,0 days 01:14:42.002000,2024-03-02 15:18:24.433,12,4.0,False,,False,True,97.884,False,not_green_only
0 days 01:18:01.623000,LEC,16,0 days 00:01:41.737000,11.0,1.0,,0 days 01:17:59.892000,0 days 00:00:32.241000,0 days 00:00:42.647000,0 days 00:00:26.849000,0 days 01:16:52.127000,0 days 01:17:34.774000,0 days 01:18:01.623000,229.0,255.0,,297.0,False,SOFT,14.0,False,Ferrari,0 days 01:16:19.886000,2024-03-02 15:20:02.317,1,6.0,False,,False,False,101.737,False,pit_in;timing_not_accurate
0 days 01:19:59.094000,LEC,16,0 days 00:01:57.471000,12.0,2.0,0 days 01:18:23.940000,,0 days 00:00:51.178000,0 days 00:00:42.371000,0 days 00:00:23.922000,0 days 01:18:52.801000,0 days 01:19:35.172000,0 days 01:19:59.094000,234.0,257.0,283.0,220.0,False,HARD,1.0,True,Ferrari,0 days 01:18:01.623000,2024-03-02 15:21:44.054,1,13.0,False,,False,False,117.471,False,pit_out;timing_not_accurate
0 days 01:21:35.526000,LEC,16,0 days 00:01:36.432000,13.0,2.0,,,0 days 00:00:30.580000,0 days 00:00:42.173000,0 days 00:00:23.679000,0 days 01:20:29.674000,0 days 01:21:11.847000,0 days 01:21:35.526000,235.0,254.0,282.0,314.0,True,HARD,2.0,True,Ferrari,0 days 01:19:59.094000,2024-03-02 15:23:41.525,1,9.0,False,,False,True,96.432,True,
0 days 01:23:12.282000,LEC,16,0 days 00:01:36.756000,14.0,2.0,,,0 days 00:00:30.787000,0 days 00:00:42.232000,0 days 00:00:23.737000,0 days 01:22:06.313000,0 days 01:22:48.545000,0 days 01:23:12.282000,236.0,247.0,282.0,305.0,False,HARD,3.0,True,Ferrari,0 days 01:21:35.526000,2024-03-02 15:25:17.957,1,8.0,False,,False,True,96.756,True,
0 days 01:24:49.095000,LEC,16,0 days 00:01:36.813000,15.0,2.0,,,0 days 00:00:30.831000,0 days 00:00:42.256000,0 days 00:00:23.726000,0 days 01:23:43.113000,0 days 01:24:25.369000,0 days 01:24:49.095000,236.0,244.0,285.0,298.0,False,HARD,4.0,True,Ferrari,0 days 01:23:12.282000,2024-03-02 15:26:54.713,1,6.0,False,,False,True,96.813,True,
0 days 01:26:25.768000,LEC,16,0 days 00:01:36.673000,16.0,2.0,,,0 days 00:00:30.606000,0 days 00:00:42.320000,0 days 00:00:23.747000,0 days 01:25:19.701000,0 days 01:26:02.021000,0 days 01:26:25.768000,236.0,259.0,285.0,320.0,False,HARD,5.0,True,Ferrari,0 days 01:24:49.095000,2024-03-02 15:28:31.526,1,4.0,False,,False,True,96.673,True,
0 days 01:28:03.070000,LEC,16,0 days 00:01:37.302000,17.0,2.0,,,0 days 00:00:31.109000,0 days 00:00:42.332000,0 days 00:00:23.861000,0 days 01:26:56.877000,0 days 01:27:39.209000,0 days 01:28:03.070000,233.0,246.0,279.0,318.0,False,HARD,6.0,True,Ferrari,0 days 01:26:25.768000,2024-03-02 15:30:08.199,1,5.0,False,,False,True,97.302,True,
0 days 01:29:40.508000,LEC,16,0 days 00:01:37.438000,18.0,2.0,,,0 days 00:00:31.180000,0 days 00:00:42.467000,0 days 00:00:23.791000,0 days 01:28:34.250000,0 days 01:29:16.717000,0 days 01:29:40.508000,233.0,243.0,279.0,298.0,False,HARD,7.0,True,Ferrari,0 days 01:28:03.070000,2024-03-02 15:31:45.501,1,5.0,False,,False,True,97.438,True,
0 days 01:31:17.329000,LEC,16,0 days 00:01:36.821000,19.0,2.0,,,0 days 00:00:30.986000,0 days 00:00:42.030000,0 days 00:00:23.805000,0 days 01:30:11.494000,0 days 01:30:53.524000,0 days 01:31:17.329000,234.0,262.0,280.0,298.0,False,HARD,8.0,True,Ferrari,0 days 01:29:40.508000,2024-03-02 15:33:22.939,1,5.0,False,,False,True,96.821,True,
0 days 01:32:54.123000,LEC,16,0 days 00:01:36.794000,20.0,2.0,,,0 days 00:00:30.839000,0 days 00:00:42.103000,0 days 00:00:23.852000,0 days 01:31:48.168000,0 days 01:32:30.271000,0 days 01:32:54.123000,234.0,262.0,280.0,299.0,False,HARD,9.0,True,Ferrari,0 days 01:31:17.329000,2024-03-02 15:34:59.760,1,5.0,False,,False,True,96.794,True,
0 days 01:34:31.100000,LEC,16,0 days 00:01:36.977000,21.0,2.0,,,0 days 00:00:31.089000,0 days 00:00:42.091000,0 days 00:00:23.797000,0 days 01:33:25.212000,0 days 01:34:07.303000,0 days 01:34:31.100000,234.0,258.0,280.0,300.0,False,HARD,10.0,True,Ferrari,0 days 01:32:54.123000,2024-03-02 15:36:36.554,1,5.0,False,,False,True,96.977,True,
0 days 01:36:07.896000,LEC,16,0 days 00:01:36.796000,22.0,2.0,,,0 days 00:00:30.994000,0 days 00:00:41.976000,0 days 00:00:23.826000,0 days 01:35:02.094000,0 days 01:35:44.070000,0 days 01:36:07.896000,234.0,257.0,280.0,299.0,False,HARD,11.0,True,Ferrari,0 days 01:34:31.100000,2024-03-02 15:38:13.531,1,5.0,False,,False,True,96.796,True,
0 days 01:37:44.883000,LEC,16,0 days 00:01:36.987000,23.0,2.0,,,0 days 00:00:31.131000,0 days 00:00:41.941000,0 days 00:00:23.915000,0 days 01:36:39.027000,0 days 01:37:20.968000,0 days 01:37:44.883000,235.0,261.0,280.0,300.0,False,HARD,12.0,True,Ferrari,0 days 01:36:07.896000,2024-03-02 15:39:50.327,1,5.0,False,,False,True,96.987,True,
0 days 01:39:21.807000,LEC,16,0 days 00:01:36.924000,24.0,2.0,,,0 days 00:00:31.083000,0 days 00:00:41.904000,0 days 00:00:23.937000,0 days 01:38:15.966000,0 days 01:38:57.870000,0 days 01:39:21.807000,234.0,258.0,280.0,298.0,False,HARD,13.0,True,Ferrari,0 days 01:37:44.883000,2024-03-02 15:41:27.314,1,5.0,False,,False,True,96.924,True,
0 days 01:40:58.567000,LEC,16,0 days 00:01:36.760000,25.0,2.0,,,0 days 00:00:31.059000,0 days 00:00:41.828000,0 days 00:00:23.873000,0 days 01:39:52.866000,0 days 01:40:34.694000,0 days 01:40:58.567000,234.0,259.0,280.0,299.0,False,HARD,14.0,True,Ferrari,0 days 01:39:21.807000,2024-03-02 15:43:04.238,1,5.0,False,,False,True,96.76,True,
0 days 01:42:35.377000,LEC,16,0 days 00:01:36.810000,26.0,2.0,,,0 days 00:00:30.991000,0 days 00:00:41.901000,0 days 00:00:23.918000,0 days 01:41:29.558000,0 days 01:42:11.459000,0 days 01:42:35.377000,234.0,259.0,280.0,300.0,False,HARD,15.0,True,Ferrari,0 days 01:40:58.567000,2024-03-02 15:44:40.998,1,5.0,False,,False,True,96.81,True,
0 days 01:44:12.208000,LEC,16,0 days 00:01:36.831000,27.0,2.0,,,0 days 00:00:31.081000,0 days 00:00:41.881000,0 days 00:00:23.869000,0 days 01:43:06.458000,0 days 01:43:48.339000,0 days 01:44:12.208000,235.0,260.0,281.0,301.0,False,HARD,16.0,True,Ferrari,0 days 01:42:35.377000,2024-03-02 15:46:17.808,1,5.0,False,,False,True,96.831,True,
0 days 01:45:49.115000,LEC,16,0 days 00:01:36.907000,28.0,2.0,,,0 days 00:00:31.019000,0 days 00:00:41.971000,0 days 00:00:23.917000,0 days 01:44:43.227000,0 days 01:45:25.198000,0 days 01:45:49.115000,234.0,261.0,280.0,300.0,False,HARD,17.0,True,Ferrari,0 days 01:44:12.208000,2024-03-02 15:47:54.639,1,5.0,False,,False,True,96.907,True,
0 days 01:47:26.078000,LEC,16,0 days 00:01:36.963000,29.0,2.0,,,0 days 00:00:30.974000,0 days 00:00:42.065000,0 days 00:00:23.924000,0 days 01:46:20.089000,0 days 01:47:02.154000,0 days 01:47:26.078000,236.0,259.0,280.0,300.0,False,HARD,18.0,True,Ferrari,0 days 01:45:49.115000,2024-03-02 15:49:31.546,1,5.0,False,,False,True,96.963,True,
0 days 01:49:03.236000,LEC,16,0 days 00:01:37.158000,30.0,2.0,,,0 days 00:00:31.134000,0 days 00:00:42.030000,0 days 00:00:23.994000,0 days 01:47:57.212000,0 days 01:48:39.242000,0 days 01:49:03.236000,235.0,260.0,281.0,301.0,False,HARD,19.0,True,Ferrari,0 days 01:47:26.078000,2024-03-02 15:51:08.509,1,5.0,False,,False,True,97.158,True,
0 days 01:50:40.267000,LEC,16,0 days 00:01:37.031000,31.0,2.0,,,0 days 00:00:30.999000,0 days 00:00:42.079000,0 days 00:00:23.953000,0 days 01:49:34.235000,0 days 01:50:16.314000,0 days 01:50:40.267000,236.0,260.0,279.0,300.0,False,HARD,20.0,True,Ferrari,0 days 01:49:03.236000,2024-03-02 15:52:45.667,1,4.0,False,,False,True,97.031,True,
0 days 01:52:17.208000,LEC,16,0 days 00:01:36.941000,32.0,2.0,,,0 days 00:00:31.153000,0 days 00:00:41.922000,0 days 00:00:23.866000,0 days 01:51:11.420000,0 days 01:51:53.342000,0 days 01:52:17.208000,233.0,259.0,279.0,294.0,False,HARD,21.0,True,Ferrari,0 days 01:50:40.267000,2024-03-02 15:54:22.698,1,4.0,False,,False,True,96.941,True,
0 days 01:53:53.949000,LEC,16,0 days 00:01:36.741000,33.0,2.0,,,0 days 00:00:30.990000,0 days 00:00:41.868000,0 days 00:00:23.883000,0 days 01:52:48.198000,0 days 01:53:30.066000,0 days 01:53:53.949000,237.0,261.0,279.0,298.0,False,HARD,22.0,True,Ferrari,0 days 01:52:17.208000,2024-03-02 15:55:59.639,1,4.0,False,,False,True,96.741,True,
0 days 01:55:33.563000,LEC,16,0 days 00:01:39.614000,34.0,2.0,,0 days 01:55:31.860000,0 days 00:00:31.219000,0 days 00:00:41.932000,0 days 00:00:26.463000,0 days 01:54:25.168000,0 days 01:55:07.100000,0 days 01:55:33.563000,237.0,260.0,,296.0,False,HARD,23.0,True,Ferrari,0 days 01:53:53.949000,2024-03-02 15:57:36.380,1,4.0,False,,False,False,99.614,False,pit_in;timing_not_accurate
0 days 01:57:29.729000,LEC,16,0 days 00:01:56.166000,35.0,3.0,0 days 01:55:55.941000,,0 days 00:00:51.681000,0 days 00:00:41.260000,0 days 00:00:23.225000,0 days 01:56:25.244000,0 days 01:57:06.504000,0 days 01:57:29.729000,235.0,265.0,289.0,219.0,False,HARD,1.0,True,Ferrari,0 days 01:55:33.563000,2024-03-02 15:59:15.994,1,6.0,False,,False,False,116.166,False,pit_out;timing_not_accurate
0 days 01:59:03.819000,LEC,16,0 days 00:01:34.090000,36.0,3.0,,,0 days 00:00:30.063000,0 days 00:00:40.650000,0 days 00:00:23.377000,0 days 01:57:59.792000,0 days 01:58:40.442000,0 days 01:59:03.819000,238.0,262.0,281.0,318.0,True,HARD,2.0,True,Ferrari,0 days 01:57:29.729000,2024-03-02 16:01:12.160,1,5.0,False,,False,True,94.09,True,
0 days 02:00:38.716000,LEC,16,0 days 00:01:34.897000,37.0,3.0,,,0 days 00:00:30.611000,0 days 00:00:40.962000,0 days 00:00:23.324000,0 days 01:59:34.430000,0 days 02:00:15.392000,0 days 02:00:38.716000,235.0,256.0,281.0,293.0,False,HARD,3.0,True,Ferrari,0 days 01:59:03.819000,2024-03-02 16:02:46.250,1,5.0,False,,False,True,94.897,True,
0 days 02:02:13.499000,LEC,16,0 days 00:01:34.783000,38.0,3.0,,,0 days 00:00:30.550000,0 days 00:00:40.953000,0 days 00:00:23.280000,0 days 02:01:09.266000,0 days 02:01:50.219000,0 days 02:02:13.499000,236.0,256.0,283.0,298.0,False,HARD,4.0,True,Ferrari,0 days 02:00:38.716000,2024-03-02 16:04:21.147,1,5.0,False,,False,True,94.783,True,
0 days 02:03:48.586000,LEC,16,0 days 00:01:35.087000,39.0,3.0,,,0 days 00:00:30.604000,0 days 00:00:41.077000,0 days 00:00:23.406000,0 days 02:02:44.103000,0 days 02:03:25.180000,0 days 02:03:48.586000,236.0,260.0,282.0,298.0,False,HARD,5.0,True,Ferrari,0 days 02:02:13.499000,2024-03-02 16:05:55.930,1,5.0,False,,False,True,95.087,True,
0 days 02:05:23.445000,LEC,16,0 days 00:01:34.859000,40.0,3.0,,,0 days 00:00:30.507000,0 days 00:00:40.836000,0 days 00:00:23.516000,0 days 02:04:19.093000,0 days 02:04:59.929000,0 days 02:05:23.445000,237.0,267.0,283.0,299.0,False,HARD,6.0,True,Ferrari,0 days 02:03:48.586000,2024-03-02 16:07:31.017,1,5.0,False,,False,True,94.859,True,
0 days 02:06:58.473000,LEC,16,0 days 00:01:35.028000,41.0,3.0,,,0 days 00:00:30.539000,0 days 00:00:41.033000,0 days 00:00:23.456000,0 days 02:05:53.984000,0 days 02:06:35.017000,0 days 02:06:58.473000,236.0,264.0,284.0,299.0,False,HARD,7.0,True,Ferrari,0 days 02:05:23.445000,2024-03-02 16:09:05.876,1,5.0,False,,False,True,95.028,True,
0 days 02:08:33.455000,LEC,16,0 days 00:01:34.982000,42.0,3.0,,,0 days 00:00:30.413000,0 days 00:00:41.067000,0 days 00:00:23.502000,0 days 02:07:28.886000,0 days 02:08:09.953000,0 days 02:08:33.455000,235.0,262.0,288.0,305.0,False,HARD,8.0,True,Ferrari,0 days 02:06:58.473000,2024-03-02 16:10:40.904,1,5.0,False,,False,True,94.982,True,
0 days 02:10:08.647000,LEC,16,0 days 00:01:35.192000,43.0,3.0,,,0 days 00:00:30.286000,0 days 00:00:41.367000,0 days 00:00:23.539000,0 days 02:09:03.741000,0 days 02:09:45.108000,0 days 02:10:08.647000,236.0,261.0,287.0,315.0,False,HARD,9.0,True,Ferrari,0 days 02:08:33.455000,2024-03-02 16:12:15.886,1,5.0,False,,False,True,95.192,True,
0 days 02:11:43.698000,LEC,16,0 days 00:01:35.051000,44.0,3.0,,,0 days 00:00:30.468000,0 days 00:00:41.124000,0 days 00:00:23.459000,0 days 02:10:39.115000,0 days 02:11:20.239000,0 days 02:11:43.698000,234.0,261.0,288.0,313.0,False,HARD,10.0,True,Ferrari,0 days 02:10:08.647000,2024-03-02 16:13:51.078,1,5.0,False,,False,True,95.051,True,
0 days 02:13:18.918000,LEC,16,0 days 00:01:35.220000,45.0,3.0,,,0 days 00:00:30.355000,0 days 00:00:41.281000,0 days 00:00:23.584000,0 days 02:12:14.053000,0 days 02:12:55.334000,0 days 02:13:18.918000,238.0,264.0,288.0,318.0,False,HARD,11.0,True,Ferrari,0 days 02:11:43.698000,2024-03-02 16:15:26.129,1,5.0,False,,False,True,95.22,True,
0 days 02:14:53.976000,LEC,16,0 days 00:01:35.058000,46.0,3.0,,,0 days 00:00:30.238000,0 days 00:00:41.400000,0 days 00:00:23.420000,0 days 02:13:49.156000,0 days 02:14:30.556000,0 days 02:14:53.976000,240.0,267.0,282.0,320.0,False,HARD,12.0,True,Ferrari,0 days 02:13:18.918000,2024-03-02 16:17:01.349,1,4.0,False,,False,True,95.058,True,
0 days 02:16:29.033000,LEC,16,0 days 00:01:35.057000,47.0,3.0,,,0 days 00:00:30.577000,0 days 00:00:41.115000,0 days 00:00:23.365000,0 days 02:15:24.553000,0 days 02:16:05.668000,0 days 02:16:29.033000,236.0,262.0,281.0,301.0,False,HARD,13.0,True,Ferrari,0 days 02:14:53.976000,2024-03-02 16:18:36.407,1,4.0,False,,False,True,95.057,True,
0 days 02:18:04.341000,LEC,16,0 days 00:01:35.308000,48.0,3.0,,,0 days 00:00:30.640000,0 days 00:00:41.183000,0 days 00:00:23.485000,0 days 02:16:59.673000,0 days 02:17:40.856000,0 days 02:18:04.341000,236.0,262.0,281.0,295.0,False,HARD,14.0,True,Ferrari,0 days 02:16:29.033000,2024-03-02 16:20:11.464,1,4.0,False,,False,True,95.308,True,
0 days 02:19:39.643000,LEC,16,0 days 00:01:35.302000,49.0,3.0,,,0 days 00:00:30.689000,0 days 00:00:41.120000,0 days 00:00:23.493000,0 days 02:18:35.030000,0 days 02:19:16.150000,0 days 02:19:39.643000,238.0,265.0,281.0,298.0,False,HARD,15.0,True,Ferrari,0 days 02:18:04.341000,2024-03-02 16:21:46.772,1,4.0,False,,False,True,95.302,True,
0 days 02:21:15.026000,LEC,16,0 days 00:01:35.383000,50.0,3.0,,,0 days 00:00:30.639000,0 days 00:00:41.285000,0 days 00:00:23.459000,0 days 02:20:10.282000,0 days 02:20:51.567000,0 days 02:21:15.026000,238.0,266.0,281.0,299.0,False,HARD,16.0,True,Ferrari,0 days 02:19:39.643000,2024-03-02 16:23:22.074,1,4.0,False,,False,True,95.383,True,
0 days 02:22:50.444000,LEC,16,0 days 00:01:35.418000,51.0,3.0,,,0 days 00:00:30.721000,0 days 00:00:41.116000,0 days 00:00:23.581000,0 days 02:21:45.747000,0 days 02:22:26.863000,0 days 02:22:50.444000,237.0,267.0,281.0,299.0,False,HARD,17.0,True,Ferrari,0 days 02:21:15.026000,2024-03-02 16:24:57.457,1,4.0,False,,False,True,95.418,True,
0 days 02:24:25.838000,LEC,16,0 days 00:01:35.394000,52.0,3.0,,,0 days 00:00:30.693000,0 days 00:00:41.156000,0 days 00:00:23.545000,0 days 02:23:21.137000,0 days 02:24:02.293000,0 days 02:24:25.838000,238.0,265.0,280.0,298.0,False,HARD,18.0,True,Ferrari,0 days 02:22:50.444000,2024-03-02 16:26:32.875,1,4.0,False,,False,True,95.394,True,
0 days 02:26:01.318000,LEC,16,0 days 00:01:35.480000,53.0,3.0,,,0 days 00:00:30.777000,0 days 00:00:41.227000,0 days 00:00:23.476000,0 days 02:24:56.615000,0 days 02:25:37.842000,0 days 02:26:01.318000,239.0,265.0,281.0,299.0,False,HARD,19.0,True,Ferrari,0 days 02:24:25.838000,2024-03-02 16:28:08.269,1,4.0,False,,False,True,95.48,True,
0 days 02:27:36.583000,LEC,16,0 days 00:01:35.265000,54.0,3.0,,,0 days 00:00:30.700000,0 days 00:00:41.077000,0 days 00:00:23.488000,0 days 02:26:32.018000,0 days 02:27:13.095000,0 days 02:27:36.583000,238.0,266.0,281.0,301.0,False,HARD,20.0,True,Ferrari,0 days 02:26:01.318000,2024-03-02 16:29:43.749,1,4.0,False,,False,True,95.265,True,
0 days 02:29:12.368000,LEC,16,0 days 00:01:35.785000,55.0,3.0,,,0 days 00:00:30.857000,0 days 00:00:41.308000,0 days 00:00:23.620000,0 days 02:28:07.440000,0 days 02:28:48.748000,0 days 02:29:12.368000,237.0,267.0,281.0,299.0,False,HARD,21.0,True,Ferrari,0 days 02:27:36.583000,2024-03-02 16:31:19.014,1,4.0,False,,False,True,95.785,True,
0 days 02:30:48.292000,LEC,16,0 days 00:01:35.924000,56.0,3.0,,,0 days 00:00:30.744000,0 days 00:00:41.565000,0 days 00:00:23.615000,0 days 02:29:43.112000,0 days 02:30:24.677000,0 days 02:30:48.292000,238.0,266.0,281.0,299.0,False,HARD,22.0,True,Ferrari,0 days 02:29:12.368000,2024-03-02 16:32:54.799,1,4.0,False,,False,True,95.924,True,
0 days 02:32:24.616000,LEC,16,0 days 00:01:36.324000,57.0,3.0,,,0 days 00:00:30.856000,0 days 00:00:41.655000,0 days 00:00:23.813000,0 days 02:31:19.148000,0 days 02:32:00.803000,0 days 02:32:24.616000,238.0,262.0,265.0,299.0,False,HARD,23.0,True,Ferrari,0 days 02:30:48.292000,2024-03-02 16:34:30.723,1,4.0,False,,False,True,96.324,True,
0 days 01:01:40.825000,SAI,55,0 days 00:01:40.620000,1.0,1.0,,,,0 days 00:00:42.861000,0 days 00:00:23.765000,,0 days 01:01:17.207000,0 days 01:01:40.944000,233.0,249.0,280.0,256.0,False,SOFT,4.0,False,Ferrari,0 days 00:59:59.911000,2024-03-02 15:03:42.342,12,5.0,False,,False,False,100.62,False,opening_lap;not_green_only;timing_not_accurate
0 days 01:03:18.061000,SAI,55,0 days 00:01:37.236000,2.0,1.0,,,0 days 00:00:30.974000,0 days 00:00:42.366000,0 days 00:00:23.896000,0 days 01:02:11.850000,0 days 01:02:54.216000,0 days 01:03:18.112000,235.0,244.0,279.0,297.0,True,SOFT,5.0,False,Ferrari,0 days 01:01:40.825000,2024-03-02 15:05:23.256,1,5.0,False,,False,True,97.236,True,
0 days 01:04:55.141000,SAI,55,0 days 00:01:37.080000,3.0,1.0,,,0 days 00:00:31.049000,0 days 00:00:42.179000,0 days 00:00:23.852000,0 days 01:03:49.161000,0 days 01:04:31.340000,0 days 01:04:55.192000,233.0,246.0,280.0,300.0,True,SOFT,6.0,False,Ferrari,0 days 01:03:18.061000,2024-03-02 15:07:00.492,1,5.0,False,,False,True,97.08,True,
0 days 01:06:32.405000,SAI,55,0 days 00:01:37.264000,4.0,1.0,,,0 days 00:00:30.957000,0 days 00:00:42.373000,0 days 00:00:23.934000,0 days 01:05:26.149000,0 days 01:06:08.522000,0 days 01:06:32.456000,234.0,245.0,285.0,304.0,False,SOFT,7.0,False,Ferrari,0 days 01:04:55.141000,2024-03-02 15:08:37.572,1,5.0,False,,False,True,97.264,True,
0 days 01:08:10.437000,SAI,55,0 days 00:01:38.032000,5.0,1.0,,,0 days 00:00:30.967000,0 days 00:00:42.821000,0 days 00:00:24.244000,0 days 01:07:03.423000,0 days 01:07:46.244000,0 days 01:08:10.488000,232.0,245.0,286.0,324.0,False,SOFT,8.0,False,Ferrari,0 days 01:06:32.405000,2024-03-02 15:10:14.836,1,5.0,False,,False,True,98.032,True,
0 days 01:09:48.178000,SAI,55,0 days 00:01:37.741000,6.0,1.0,,,0 days 00:00:30.879000,0 days 00:00:42.803000,0 days 00:00:24.059000,0 days 01:08:41.367000,0 days 01:09:24.170000,0 days 01:09:48.229000,233.0,243.0,286.0,325.0,False,SOFT,9.0,False,Ferrari,0 days 01:08:10.437000,2024-03-02 15:11:52.868,1,5.0,False,,False,True,97.741,True,
0 days 01:11:26.438000,SAI,55,0 days 00:01:38.260000,7.0,1.0,,,0 days 00:00:30.847000,0 days 00:00:43.148000,0 days 00:00:24.265000,0 days 01:10:19.076000,0 days 01:11:02.224000,0 days 01:11:26.489000,234.0,242.0,286.0,326.0,False,SOFT,10.0,False,Ferrari,0 days 01:09:48.178000,2024-03-02 15:13:30.609,1,5.0,False,,False,True,98.26,True,
0 days 01:13:04.621000,SAI,55,0 days 00:01:38.183000,8.0,1.0,,,0 days 00:00:31.341000,0 days 00:00:42.701000,0 days 00:00:24.141000,0 days 01:11:57.830000,0 days 01:12:40.531000,0 days 01:13:04.672000,232.0,246.0,287.0,316.0,False,SOFT,11.0,False,Ferrari,0 days 01:11:26.438000,2024-03-02 15:15:08.869,1,5.0,False,,False,True,98.183,True,
0 days 01:14:42.651000,SAI,55,0 days 00:01:38.030000,9.0,1.0,,,0 days 00:00:30.990000,0 days 00:00:42.868000,0 days 00:00:24.172000,0 days 01:13:35.662000,0 days 01:14:18.530000,0 days 01:14:42.702000,234.0,247.0,285.0,323.0,False,SOFT,12.0,False,Ferrari,0 days 01:13:04.621000,2024-03-02 15:16:47.052,1,5.0,False,,False,True,98.03,True,
0 days 01:16:20.259000,SAI,55,0 days 00:01:37.608000,10.0,1.0,,,0 days 00:00:30.819000,0 days 00:00:42.638000,0 days 00:00:24.151000,0 days 01:15:13.521000,0 days 01:15:56.159000,0 days 01:16:20.310000,233.0,248.0,287.0,319.0,False,SOFT,13.0,False,Ferrari,0 days 01:14:42.651000,2024-03-02 15:18:25.082,12,5.0,False,,False,True,97.608,False,not_green_only
0 days 01:17:57.915000,SAI,55,0 days 00:01:37.656000,11.0,1.0,,,0 days 00:00:31.266000,0 days 00:00:42.386000,0 days 00:00:24.004000,0 days 01:16:51.576000,0 days 01:17:33.962000,0 days 01:17:57.966000,232.0,252.0,280.0,324.0,False,SOFT,14.0,False,Ferrari,0 days 01:16:20.259000,2024-03-02 15:20:02.690,1,3.0,False,,False,True,97.656,True,
0 days 01:19:35.565000,SAI,55,0 days 00:01:37.650000,12.0,1.0,,,0 days 00:00:31.089000,0 days 00:00:42.460000,0 days 00:00:24.101000,0 days 01:18:29.055000,0 days 01:19:11.515000,0 days 01:19:35.616000,232.0,248.0,277.0,299.0,False,SOFT,15.0,False,Ferrari,0 days 01:17:57.915000,2024-03-02 15:21:40.346,1,2.0,False,,False,True,97.65,True,
0 days 01:21:12.808000,SAI,55,0 days 00:01:37.243000,13.0,1.0,,,0 days 00:00:31.025000,0 days 00:00:42.212000,0 days 00:00:24.006000,0 days 01:20:06.641000,0 days 01:20:48.853000,0 days 01:21:12.859000,233.0,250.0,277.0,298.0,False,SOFT,16.0,False,Ferrari,0 days 01:19:35.565000,2024-03-02 15:23:17.996,1,2.0,False,,False,True,97.243,True,
0 days 01:22:52.561000,SAI,55,0 days 00:01:39.753000,14.0,1.0,,0 days 01:22:50.807000,0 days 00:00:31.011000,0 days 00:00:42.119000,0 days 00:00:26.623000,0 days 01:21:43.870000,0 days 01:22:25.989000,0 days 01:22:52.612000,235.0,258.0,,298.0,False,SOFT,17.0,False,Ferrari,0 days 01:21:12.808000,2024-03-02 15:24:55.239,1,2.0,False,,False,False,99.753,False,pit_in;timing_not_accurate
0 days 01:24:49.786000,SAI,55,0 days 00:01:57.225000,15.0,2.0,0 days 01:23:15.387000,,0 days 00:00:51.656000,0 days 00:00:42.013000,0 days 00:00:23.556000,0 days 01:23:44.268000,0 days 01:24:26.281000,0 days 01:24:49.837000,236.0,252.0,286.0,220.0,False,HARD,1.0,True,Ferrari,0 days 01:22:52.561000,2024-03-02 15:26:34.992,1,7.0,False,,False,False,117.225,False,pit_out;timing_not_accurate
0 days 01:26:26.162000,SAI,55,0 days 00:01:36.376000,16.0,2.0,,,0 days 00:00:30.412000,0 days 00:00:42.131000,0 days 00:00:23.833000,0 days 01:25:20.249000,0 days 01:26:02.380000,0 days 01:26:26.213000,236.0,247.0,289.0,325.0,True,HARD,2.0,True,Ferrari,0 days 01:24:49.786000,2024-03-02 15:28:32.217,1,5.0,False,,False,True,96.376,True,
0 days 01:28:01.669000,SAI,55,0 days 00:01:35.507000,17.0,2.0,,,0 days 00:00:30.202000,0 days 00:00:41.758000,0 days 00:00:23.547000,0 days 01:26:56.415000,0 days 01:27:38.173000,0 days 01:28:01.720000,233.0,251.0,286.0,332.0,True,HARD,3.0,True,Ferrari,0 days 01:26:26.162000,2024-03-02 15:30:08.593,1,4.0,False,,False,True,95.507,True,
0 days 01:29:37.757000,SAI,55,0 days 00:01:36.088000,18.0,2.0,,,0 days 00:00:30.590000,0 days 00:00:41.964000,0 days 00:00:23.534000,0 days 01:28:32.310000,0 days 01:29:14.274000,0 days 01:29:37.808000,233.0,249.0,279.0,322.0,False,HARD,4.0,True,Ferrari,0 days 01:28:01.669000,2024-03-02 15:31:44.100,1,3.0,False,,False,True,96.088,True,
0 days 01:31:13.993000,SAI,55,0 days 00:01:36.236000,19.0,2.0,,,0 days 00:00:30.805000,0 days 00:00:41.897000,0 days 00:00:23.534000,0 days 01:30:08.613000,0 days 01:30:50.510000,0 days 01:31:14.044000,234.0,248.0,279.0,293.0,False,HARD,5.0,True,Ferrari,0 days 01:29:37.757000,2024-03-02 15:33:20.188,1,3.0,False,,False,True,96.236,True,
0 days 01:32:50.027000,SAI,55,0 days 00:01:36.034000,20.0,2.0,,,0 days 00:00:30.786000,0 days 00:00:41.660000,0 days 00:00:23.588000,0 days 01:31:44.830000,0 days 01:32:26.490000,0 days 01:32:50.078000,235.0,252.0,279.0,297.0,False,HARD,6.0,True,Ferrari,0 days 01:31:13.993000,2024-03-02 15:34:56.424,1,3.0,False,,False,True,96.034,True,
0 days 01:34:26.131000,SAI,55,0 days 00:01:36.104000,21.0,2.0,,,0 days 00:00:30.796000,0 days 00:00:41.752000,0 days 00:00:23.556000,0 days 01:33:20.874000,0 days 01:34:02.626000,0 days 01:34:26.182000,235.0,252.0,279.0,298.0,False,HARD,7.0,True,Ferrari,0 days 01:32:50.027000,2024-03-02 15:36:32.458,1,3.0,False,,False,True,96.104,True,
0 days 01:36:02.139000,SAI,55,0 days 00:01:36.008000,22.0,2.0,,,0 days 00:00:30.686000,0 days 00:00:41.770000,0 days 00:00:23.552000,0 days 01:34:56.868000,0 days 01:35:38.638000,0 days 01:36:02.190000,235.0,253.0,280.0,299.0,False,HARD,8.0,True,Ferrari,0 days 01:34:26.131000,2024-03-02 15:38:08.562,1,3.0,False,,False,True,96.008,True,
0 days 01:37:38.288000,SAI,55,0 days 00:01:36.149000,23.0,2.0,,,0 days 00:00:30.738000,0 days 00:00:41.797000,0 days 00:00:23.614000,0 days 01:36:32.928000,0 days 01:37:14.725000,0 days 01:37:38.339000,236.0,252.0,280.0,300.0,False,HARD,9.0,True,Ferrari,0 days 01:36:02.139000,2024-03-02 15:39:44.570,1,3.0,False,,False,True,96.149,True,
0 days 01:39:14.488000,SAI,55,0 days 00:01:36.200000,24.0,2.0,,,0 days 00:00:30.698000,0 days 00:00:41.881000,0 days 00:00:23.621000,0 days 01:38:09.037000,0 days 01:38:50.918000,0 days 01:39:14.539000,236.0,251.0,280.0,301.0,False,HARD,10.0,True,Ferrari,0 days 01:37:38.288000,2024-03-02 15:41:20.719,1,3.0,False,,False,True,96.2,True,
0 days 01:40:50.708000,SAI,55,0 days 00:01:36.220000,25.0,2.0,,,0 days 00:00:30.724000,0 days 00:00:41.907000,0 days 00:00:23.589000,0 days 01:39:45.263000,0 days 01:40:27.170000,0 days 01:40:50.759000,233.0,251.0,280.0,301.0,False,HARD,11.0,True,Ferrari,0 days 01:39:14.488000,2024-03-02 15:42:56.919,1,3.0,False,,False,True,96.22,True,
0 days 01:42:26.929000,SAI,55,0 days 00:01:36.221000,26.0,2.0,,,0 days 00:00:30.714000,0 days 00:00:41.878000,0 days 00:00:23.629000,0 days 01:41:21.473000,0 days 01:42:03.351000,0 days 01:42:26.980000,237.0,252.0,280.0,302.0,False,HARD,12.0,True,Ferrari,0 days 01:40:50.708000,2024-03-02 15:44:33.139,1,3.0,False,,False,True,96.221,True,
0 days 01:44:03.201000,SAI,55,0 days 00:01:36.272000,27.0,2.0,,,0 days 00:00:30.807000,0 days 00:00:41.836000,0 days 00:00:23.629000,0 days 01:42:57.787000,0 days 01:43:39.623000,0 days 01:44:03.252000,236.0,251.0,280.0,301.0,False,HARD,13.0,True,Ferrari,0 days 01:42:26.929000,2024-03-02 15:46:09.360,1,3.0,False,,False,True,96.272,True,
0 days 01:45:39.735000,SAI,55,0 days 00:01:36.534000,28.0,2.0,,,0 days 00:00:30.901000,0 days 00:00:41.965000,0 days 00:00:23.668000,0 days 01:44:34.153000,0 days 01:45:16.118000,0 days 01:45:39.786000,236.0,251.0,280.0,299.0,False,HARD,14.0,True,Ferrari,0 days 01:44:03.201000,2024-03-02 15:47:45.632,1,3.0,False,,False,True,96.534,True,
0 days 01:47:16.335000,SAI,55,0 days 00:01:36.600000,29.0,2.0,,,0 days 00:00:30.852000,0 days 00:00:41.970000,0 days 00:00:23.778000,0 days 01:46:10.638000,0 days 01:46:52.608000,0 days 01:47:16.386000,236.0,254.0,280.0,301.0,False,HARD,15.0,True,Ferrari,0 days 01:45:39.735000,2024-03-02 15:49:22.166,1,3.0,False,,False,True,96.6,True,
0 days 01:48:52.672000,SAI,55,0 days 00:01:36.337000,30.0,2.0,,,0 days 00:00:30.746000,0 days 00:00:41.897000,0 days 00:00:23.694000,0 days 01:47:47.132000,0 days 01:48:29.029000,0 days 01:48:52.723000,236.0,253.0,280.0,303.0,False,HARD,16.0,True,Ferrari,0 days 01:47:16.335000,2024-03-02 15:50:58.766,1,3.0,False,,False,True,96.337,True,
0 days 01:50:29.209000,SAI,55,0 days 00:01:36.537000,31.0,2.0,,,0 days 00:00:30.851000,0 days 00:00:41.959000,0 days 00:00:23.727000,0 days 01:49:23.574000,0 days 01:50:05.533000,0 days 01:50:29.260000,234.0,253.0,280.0,301.0,False,HARD,17.0,True,Ferrari,0 days 01:48:52.672000,2024-03-02 15:52:35.103,1,3.0,False,,False,True,96.537,True,
0 days 01:52:05.971000,SAI,55,0 days 00:01:36.762000,32.0,2.0,,,0 days 00:00:30.873000,0 days 00:00:42.115000,0 days 00:00:23.774000,0 days 01:51:00.133000,0 days 01:51:42.248000,0 days 01:52:06.022000,236.0,255.0,280.0,303.0,False,HARD,18.0,True,Ferrari,0 days 01:50:29.209000,2024-03-02 15:54:11.640,1,3.0,False,,False,True,96.762,True,
0 days 01:53:42.527000,SAI,55,0 days 00:01:36.556000,33.0,2.0,,,0 days 00:00:30.833000,0 days 00:00:41.987000,0 days 00:00:23.736000,0 days 01:52:36.855000,0 days 01:53:18.842000,0 days 01:53:42.578000,237.0,254.0,280.0,303.0,False,HARD,19.0,True,Ferrari,0 days 01:52:05.971000,2024-03-02 15:55:48.402,1,3.0,False,,False,True,96.556,True,
0 days 01:55:19.078000,SAI,55,0 days 00:01:36.551000,34.0,2.0,,,0 days 00:00:30.858000,0 days 00:00:41.933000,0 days 00:00:23.760000,0 days 01:54:13.436000,0 days 01:54:55.369000,0 days 01:55:19.129000,236.0,254.0,280.0,301.0,False,HARD,20.0,True,Ferrari,0 days 01:53:42.527000,2024-03-02 15:57:24.958,1,3.0,False,,False,True,96.551,True,
0 days 01:56:58.352000,SAI,55,0 days 00:01:39.274000,35.0,2.0,,0 days 01:56:56.614000,0 days 00:00:30.872000,0 days 00:00:42.117000,0 days 00:00:26.285000,0 days 01:55:50.001000,0 days 01:56:32.118000,0 days 01:56:58.403000,236.0,255.0,,301.0,False,HARD,21.0,True,Ferrari,0 days 01:55:19.078000,2024-03-02 15:59:01.509,1,3.0,False,,False,False,99.274,False,pit_in;timing_not_accurate
0 days 01:58:53.972000,SAI,55,0 days 00:01:55.620000,36.0,3.0,0 days 01:57:20.500000,,0 days 00:00:50.852000,0 days 00:00:41.528000,0 days 00:00:23.240000,0 days 01:57:49.255000,0 days 01:58:30.783000,0 days 01:58:54.023000,237.0,250.0,280.0,222.0,False,HARD,1.0,True,Ferrari,0 days 01:56:58.352000,2024-03-02 16:00:40.783,1,3.0,False,,False,False,115.62,False,pit_out;timing_not_accurate
0 days 02:00:29.274000,SAI,55,0 days 00:01:35.302000,37.0,3.0,,,0 days 00:00:30.695000,0 days 00:00:41.390000,0 days 00:00:23.217000,0 days 01:59:24.718000,0 days 02:00:06.108000,0 days 02:00:29.325000,237.0,250.0,282.0,296.0,True,HARD,2.0,True,Ferrari,0 days 01:58:53.972000,2024-03-02 16:02:36.403,1,3.0,False,,False,True,95.302,True,
0 days 02:02:04.374000,SAI,55,0 days 00:01:35.100000,38.0,3.0,,,0 days 00:00:30.631000,0 days 00:00:41.329000,0 days 00:00:23.140000,0 days 02:00:59.956000,0 days 02:01:41.285000,0 days 02:02:04.425000,237.0,251.0,282.0,300.0,True,HARD,3.0,True,Ferrari,0 days 02:00:29.274000,2024-03-02 16:04:11.705,1,3.0,False,,False,True,95.1,True,
0 days 02:03:39.083000,SAI,55,0 days 00:01:34.709000,39.0,3.0,,,0 days 00:00:30.481000,0 days 00:00:41.066000,0 days 00:00:23.162000,0 days 02:02:34.906000,0 days 02:03:15.972000,0 days 02:03:39.134000,237.0,254.0,282.0,299.0,True,HARD,4.0,True,Ferrari,0 days 02:02:04.374000,2024-03-02 16:05:46.805,1,3.0,False,,False,True,94.709,True,
0 days 02:05:13.822000,SAI,55,0 days 00:01:34.739000,40.0,3.0,,,0 days 00:00:30.382000,0 days 00:00:41.146000,0 days 00:00:23.211000,0 days 02:04:09.516000,0 days 02:04:50.662000,0 days 02:05:13.873000,238.0,254.0,282.0,303.0,False,HARD,5.0,True,Ferrari,0 days 02:03:39.083000,2024-03-02 16:07:21.514,1,3.0,False,,False,True,94.739,True,
0 days 02:06:48.863000,SAI,55,0 days 00:01:35.041000,41.0,3.0,,,0 days 00:00:30.638000,0 days 00:00:41.205000,0 days 00:00:23.198000,0 days 02:05:44.511000,0 days 02:06:25.716000,0 days 02:06:48.914000,236.0,253.0,282.0,303.0,False,HARD,6.0,True,Ferrari,0 days 02:05:13.822000,2024-03-02 16:08:56.253,1,3.0,False,,False,True,95.041,True,
0 days 02:08:23.724000,SAI,55,0 days 00:01:34.861000,42.0,3.0,,,0 days 00:00:30.448000,0 days 00:00:41.195000,0 days 00:00:23.218000,0 days 02:07:19.362000,0 days 02:08:00.557000,0 days 02:08:23.775000,237.0,255.0,282.0,301.0,False,HARD,7.0,True,Ferrari,0 days 02:06:48.863000,2024-03-02 16:10:31.294,1,3.0,False,,False,True,94.861,True,
0 days 02:09:58.519000,SAI,55,0 days 00:01:34.795000,43.0,3.0,,,0 days 00:00:30.387000,0 days 00:00:41.201000,0 days 00:00:23.207000,0 days 02:08:54.162000,0 days 02:09:35.363000,0 days 02:09:58.570000,238.0,253.0,281.0,302.0,False,HARD,8.0,True,Ferrari,0 days 02:08:23.724000,2024-03-02 16:12:06.155,1,3.0,False,,False,True,94.795,True,
0 days 02:11:33.026000,SAI,55,0 days 00:01:34.507000,44.0,3.0,,,0 days 00:00:30.350000,0 days 00:00:40.971000,0 days 00:00:23.186000,0 days 02:10:28.920000,0 days 02:11:09.891000,0 days 02:11:33.077000,237.0,255.0,282.0,301.0,True,HARD,9.0,True,Ferrari,0 days 02:09:58.519000,2024-03-02 16:13:40.950,1,3.0,False,,False,True,94.507,True,
0 days 02:13:07.816000,SAI,55,0 days 00:01:34.790000,45.0,3.0,,,0 days 00:00:30.398000,0 days 00:00:41.123000,0 days 00:00:23.269000,0 days 02:12:03.475000,0 days 02:12:44.598000,0 days 02:13:07.867000,237.0,256.0,282.0,301.0,False,HARD,10.0,True,Ferrari,0 days 02:11:33.026000,2024-03-02 16:15:15.457,1,3.0,False,,False,True,94.79,True,
0 days 02:14:42.669000,SAI,55,0 days 00:01:34.853000,46.0,3.0,,,0 days 00:00:30.466000,0 days 00:00:41.116000,0 days 00:00:23.271000,0 days 02:13:38.333000,0 days 02:14:19.449000,0 days 02:14:42.720000,237.0,256.0,282.0,300.0,False,HARD,11.0,True,Ferrari,0 days 02:13:07.816000,2024-03-02 16:16:50.247,1,3.0,False,,False,True,94.853,True,
0 days 02:16:17.570000,SAI,55,0 days 00:01:34.901000,47.0,3.0,,,0 days 00:00:30.455000,0 days 00:00:41.086000,0 days 00:00:23.360000,0 days 02:15:13.175000,0 days 02:15:54.261000,0 days 02:16:17.621000,237.0,255.0,281.0,303.0,False,HARD,12.0,True,Ferrari,0 days 02:14:42.669000,2024-03-02 16:18:25.100,1,3.0,False,,False,True,94.901,True,
0 days 02:17:52.551000,SAI,55,0 days 00:01:34.981000,48.0,3.0,,,0 days 00:00:30.602000,0 days 00:00:41.028000,0 days 00:00:23.351000,0 days 02:16:48.223000,0 days 02:17:29.251000,0 days 02:17:52.602000,236.0,258.0,282.0,303.0,False,HARD,13.0,True,Ferrari,0 days 02:16:17.570000,2024-03-02 16:20:00.001,1,3.0,False,,False,True,94.981,True,
0 days 02:19:27.991000,SAI,55,0 days 00:01:35.440000,49.0,3.0,,,0 days 00:00:30.499000,0 days 00:00:41.580000,0 days 00:00:23.361000,0 days 02:18:23.101000,0 days 02:19:04.681000,0 days 02:19:28.042000,237.0,254.0,282.0,302.0,False,HARD,14.0,True,Ferrari,0 days 02:17:52.551000,2024-03-02 16:21:34.982,1,3.0,False,,False,True,95.44,True,
0 days 02:21:03.133000,SAI,55,0 days 00:01:35.142000,50.0,3.0,,,0 days 00:00:30.468000,0 days 00:00:41.331000,0 days 00:00:23.343000,0 days 02:19:58.510000,0 days 02:20:39.841000,0 days 02:21:03.184000,238.0,256.0,282.0,303.0,False,HARD,15.0,True,Ferrari,0 days 02:19:27.991000,2024-03-02 16:23:10.422,1,3.0,False,,False,True,95.142,True,
0 days 02:22:38.415000,SAI,55,0 days 00:01:35.282000,51.0,3.0,,,0 days 00:00:30.502000,0 days 00:00:41.387000,0 days 00:00:23.393000,0 days 02:21:33.686000,0 days 02:22:15.073000,0 days 02:22:38.466000,236.0,255.0,281.0,304.0,False,HARD,16.0,True,Ferrari,0 days 02:21:03.133000,2024-03-02 16:24:45.564,1,3.0,False,,False,True,95.282,True,
0 days 02:24:13.498000,SAI,55,0 days 00:01:35.083000,52.0,3.0,,,0 days 00:00:30.522000,0 days 00:00:41.259000,0 days 00:00:23.302000,0 days 02:23:08.988000,0 days 02:23:50.247000,0 days 02:24:13.549000,237.0,258.0,281.0,303.0,False,HARD,17.0,True,Ferrari,0 days 02:22:38.415000,2024-03-02 16:26:20.846,1,3.0,False,,False,True,95.083,True,
0 days 02:25:48.709000,SAI,55,0 days 00:01:35.211000,53.0,3.0,,,0 days 00:00:30.491000,0 days 00:00:41.288000,0 days 00:00:23.432000,0 days 02:24:44.040000,0 days 02:25:25.328000,0 days 02:25:48.760000,237.0,258.0,283.0,301.0,False,HARD,18.0,True,Ferrari,0 days 02:24:13.498000,2024-03-02 16:27:55.929,1,3.0,False,,False,True,95.211,True,
0 days 02:27:24.018000,SAI,55,0 days 00:01:35.309000,54.0,3.0,,,0 days 00:00:30.555000,0 days 00:00:41.277000,0 days 00:00:23.477000,0 days 02:26:19.315000,0 days 02:27:00.592000,0 days 02:27:24.069000,237.0,257.0,284.0,306.0,False,HARD,19.0,True,Ferrari,0 days 02:25:48.709000,2024-03-02 16:29:31.140,1,3.0,False,,False,True,95.309,True,
0 days 02:28:59.425000,SAI,55,0 days 00:01:35.407000,55.0,3.0,,,0 days 00:00:30.699000,0 days 00:00:41.192000,0 days 00:00:23.516000,0 days 02:27:54.768000,0 days 02:28:35.960000,0 days 02:28:59.476000,237.0,263.0,282.0,306.0,False,HARD,20.0,True,Ferrari,0 days 02:27:24.018000,2024-03-02 16:31:06.449,1,3.0,False,,False,True,95.407,True,
0 days 02:30:34.730000,SAI,55,0 days 00:01:35.305000,56.0,3.0,,,0 days 00:00:30.593000,0 days 00:00:41.180000,0 days 00:00:23.532000,0 days 02:29:30.069000,0 days 02:30:11.249000,0 days 02:30:34.781000,238.0,265.0,283.0,301.0,False,HARD,21.0,True,Ferrari,0 days 02:28:59.425000,2024-03-02 16:32:41.856,1,3.0,False,,False,True,95.305,True,
0 days 02:32:10.057000,SAI,55,0 days 00:01:35.327000,57.0,3.0,,,0 days 00:00:30.550000,0 days 00:00:41.125000,0 days 00:00:23.652000,0 days 02:31:05.331000,0 days 02:31:46.456000,0 days 02:32:10.108000,239.0,269.0,282.0,305.0,False,HARD,22.0,True,Ferrari,0 days 02:30:34.730000,2024-03-02 16:34:17.161,1,3.0,False,,False,True,95.327,True,
