Time,Driver,DriverNumber,LapTime,LapNumber,Stint,PitOutTime,PitInTime,Sector1Time,Sector2Time,Sector3Time,Sector1SessionTime,Sector2SessionTime,Sector3SessionTime,SpeedI1,SpeedI2,SpeedFL,SpeedST,IsPersonalBest,Compound,TyreLife,FreshTyre,Team,LapStartTime,LapStartDate,TrackStatus,Position,Deleted,DeletedReason,FastF1Generated,IsAccurate,EventKey,EventName,Year,RoundNumber,EventDate,Role
0 days 00:59:56.944000,VER,1,0 days 00:01:27.458000,1.0,1.0,,,,0 days 00:00:18.462000,0 days 00:00:35.518000,,0 days 00:59:21.516000,0 days 00:59:57.152000,278.0,285.0,283.0,238.0,False,MEDIUM,1.0,True,Red Bull Racing,0 days 00:58:29.232000,,1,1.0,False,,False,False,2024-03,Australian Grand Prix,2024,3,2024-03-24,train
0 days 01:01:21.043000,VER,1,0 days 00:01:24.099000,2.0,1.0,,,0 days 00:00:29.623000,0 days 00:00:18.375000,0 days 00:00:36.101000,0 days 01:00:26.657000,0 days 01:00:45.032000,0 days 01:01:21.133000,273.0,297.0,298.0,281.0,True,MEDIUM,2.0,True,Red Bull Racing,0 days 00:59:56.944000,,1,2.0,False,,False,True,2024-03,Australian Grand Prix,2024,3,2024-03-24,train
0 days 01:02:44.158000,VER,1,0 days 00:01:23.115000,3.0,1.0,,,0 days 00:00:28.793000,0 days 00:00:18.573000,0 days 00:00:35.749000,0 days 01:01:49.926000,0 days 01:02:08.499000,0 days 01:02:44.248000,275.0,314.0,295.0,305.0,True,MEDIUM,3.0,True,Red Bull Racing,0 days 01:01:21.043000,,1,2.0,False,,False,True,2024-03,Australian Grand Prix,2024,3,2024-03-24,train
0 days 01:04:24.523000,VER,1,,4.0,1.0,,0 days 01:04:24.613000,0 days 00:00:28.756000,0 days 00:00:18.353000,,0 days 01:03:13.063000,0 days 01:03:31.408000,,270.0,308.0,,302.0,False,MEDIUM,4.0,True,Red Bull Racing,0 days 01:02:44.158000,,1,19.0,False,,False,False,2024-03,Australian Grand Prix,2024,3,2024-03-24,train
0 days 01:00:01.914000,PER,11,0 days 00:01:32.428000,1.0,1.0,,,,0 days 00:00:18.273000,0 days 00:00:37.250000,,0 days 00:59:24.837000,0 days 01:00:02.203000,276.0,305.0,290.0,248.0,False,MEDIUM,1.0,True,Red Bull Racing,0 days 00:58:29.232000,,1,7.0,False,,False,False,2024-03,Australian Grand Prix,2024,3,2024-03-24,train
0 days 01:01:25.295000,PER,11,0 days 00:01:23.381000,2.0,1.0,,,0 days 00:00:29.370000,0 days 00:00:17.903000,0 days 00:00:36.108000,0 days 01:00:31.284000,0 days 01:00:49.187000,0 days 01:01:25.295000,273.0,324.0,304.0,290.0,True,MEDIUM,2.0,True,Red Bull Racing,0 days 01:00:01.914000,,1,7.0,False,,False,True,2024-03,Australian Grand Prix,2024,3,2024-03-24,train
0 days 01:02:48.460000,PER,11,0 days 00:01:23.165000,3.0,1.0,,,0 days 00:00:29.005000,0 days 00:00:17.939000,0 days 00:00:36.221000,0 days 01:01:54.300000,0 days 01:02:12.239000,0 days 01:02:48.460000,269.0,323.0,301.0,307.0,True,MEDIUM,3.0,True,Red Bull Racing,0 days 01:01:25.295000,,1,7.0,False,,False,True,2024-03,Australian Grand Prix,2024,3,2024-03-24,train
0 days 01:04:11.858000,PER,11,0 days 00:01:23.398000,4.0,1.0,,,0 days 00:00:28.848000,0 days 00:00:18.020000,0 days 00:00:36.530000,0 days 01:03:17.308000,0 days 01:03:35.328000,0 days 01:04:11.858000,273.0,324.0,301.0,310.0,False,MEDIUM,4.0,True,Red Bull Racing,0 days 01:02:48.460000,,1,6.0,False,,False,True,2024-03,Australian Grand Prix,2024,3,2024-03-24,train
0 days 01:05:35.222000,PER,11,0 days 00:01:23.364000,5.0,1.0,,,0 days 00:00:28.964000,0 days 00:00:17.747000,0 days 00:00:36.653000,0 days 01:04:40.822000,0 days 01:04:58.569000,0 days 01:05:35.222000,272.0,322.0,301.0,302.0,False,MEDIUM,5.0,True,Red Bull Racing,0 days 01:04:11.858000,,1,6.0,False,,False,True,2024-03,Australian Grand Prix,2024,3,2024-03-24,train
0 days 01:06:58.246000,PER,11,0 days 00:01:23.024000,6.0,1.0,,,0 days 00:00:28.808000,0 days 00:00:17.868000,0 days 00:00:36.348000,0 days 01:06:04.030000,0 days 01:06:21.898000,0 days 01:06:58.246000,272.0,320.0,301.0,312.0,True,MEDIUM,6.0,True,Red Bull Racing,0 days 01:05:35.222000,,1,6.0,False,,False,True,2024-03,Australian Grand Prix,2024,3,2024-03-24,train
0 days 01:08:21.050000,PER,11,0 days 00:01:22.804000,7.0,1.0,,,0 days 00:00:28.962000,0 days 00:00:17.896000,0 days 00:00:35.946000,0 days 01:07:27.208000,0 days 01:07:45.104000,0 days 01:08:21.050000,271.0,320.0,302.0,311.0,True,MEDIUM,7.0,True,Red Bull Racing,0 days 01:06:58.246000,,1,6.0,False,,False,True,2024-03,Australian Grand Prix,2024,3,2024-03-24,train
0 days 01:09:44.098000,PER,11,0 days 00:01:23.048000,8.0,1.0,,,0 days 00:00:28.744000,0 days 00:00:17.746000,0 days 00:00:36.558000,0 days 01:08:49.794000,0 days 01:09:07.540000,0 days 01:09:44.098000,281.0,328.0,300.0,316.0,False,MEDIUM,8.0,True,Red Bull Racing,0 days 01:08:21.050000,,1,5.0,False,,False,True,2024-03,Australian Grand Prix,2024,3,2024-03-24,train
0 days 01:11:07.068000,PER,11,0 days 00:01:22.970000,9.0,1.0,,,0 days 00:00:28.758000,0 days 00:00:18.147000,0 days 00:00:36.065000,0 days 01:10:12.856000,0 days 01:10:31.003000,0 days 01:11:07.068000,273.0,302.0,289.0,311.0,False,MEDIUM,9.0,True,Red Bull Racing,0 days 01:09:44.098000,,1,3.0,False,,False,True,2024-03,Australian Grand Prix,2024,3,2024-03-24,train
0 days 01:12:29.748000,PER,11,0 days 00:01:22.680000,10.0,1.0,,,0 days 00:00:28.928000,0 days 00:00:18.188000,0 days 00:00:35.564000,0 days 01:11:35.996000,0 days 01:11:54.184000,0 days 01:12:29.748000,274.0,301.0,290.0,295.0,True,MEDIUM,10.0,True,Red Bull Racing,0 days 01:11:07.068000,,1,3.0,False,,False,True,2024-03,Australian Grand Prix,2024,3,2024-03-24,train
0 days 01:13:52.669000,PER,11,0 days 00:01:22.921000,11.0,1.0,,,0 days 00:00:29.025000,0 days 00:00:18.117000,0 days 00:00:35.779000,0 days 01:12:58.773000,0 days 01:13:16.890000,0 days 01:13:52.669000,273.0,302.0,289.0,296.0,False,MEDIUM,11.0,True,Red Bull Racing,0 days 01:12:29.748000,,1,3.0,False,,False,True,2024-03,Australian Grand Prix,2024,3,2024-03-24,train
0 days 01:15:16.373000,PER,11,0 days 00:01:23.704000,12.0,1.0,,,0 days 00:00:29.511000,0 days 00:00:18.198000,0 days 00:00:35.995000,0 days 01:14:22.180000,0 days 01:14:40.378000,0 days 01:15:16.373000,273.0,304.0,288.0,300.0,False,MEDIUM,12.0,True,Red Bull Racing,0 days 01:13:52.669000,,1,3.0,False,,False,True,2024-03,Australian Grand Prix,2024,3,2024-03-24,train
0 days 01:16:40.037000,PER,11,0 days 00:01:23.664000,13.0,1.0,,,0 days 00:00:29.259000,0 days 00:00:18.263000,0 days 00:00:36.142000,0 days 01:15:45.632000,0 days 01:16:03.895000,0 days 01:16:40.037000,275.0,304.0,288.0,301.0,False,MEDIUM,13.0,True,Red Bull Racing,0 days 01:15:16.373000,,1,3.0,False,,False,True,2024-03,Australian Grand Prix,2024,3,2024-03-24,train
0 days 01:18:18.730000,PER,11,0 days 00:01:38.693000,14.0,1.0,,0 days 01:18:02.904000,0 days 00:00:29.415000,0 days 00:00:18.259000,0 days 00:00:51.019000,0 days 01:17:09.452000,0 days 01:17:27.711000,0 days 01:18:18.730000,273.0,303.0,,299.0,False,MEDIUM,14.0,True,Red Bull Racing,0 days 01:16:40.037000,,1,6.0,False,,False,False,2024-03,Australian Grand Prix,2024,3,2024-03-24,train
0 days 01:19:46.639000,PER,11,0 days 00:01:27.909000,15.0,2.0,0 days 01:18:20.864000,,0 days 00:00:34.380000,0 days 00:00:18.040000,0 days 00:00:35.489000,0 days 01:18:53.110000,0 days 01:19:11.150000,0 days 01:19:46.639000,276.0,307.0,305.0,228.0,False,HARD,1.0,True,Red Bull Racing,0 days 01:18:18.730000,,1,10.0,False,,False,False,2024-03,Australian Grand Prix,2024,3,2024-03-24,train
0 days 01:21:10.761000,PER,11,0 days 00:01:24.122000,16.0,2.0,,,0 days 00:00:28.669000,0 days 00:00:17.803000,0 days 00:00:37.650000,0 days 01:20:15.308000,0 days 01:20:33.111000,0 days 01:21:10.761000,277.0,318.0,304.0,317.0,False,HARD,2.0,True,Red Bull Racing,0 days 01:19:46.639000,,1,10.0,False,,False,True,2024-03,Australian Grand Prix,2024,3,2024-03-24,train
0 days 01:22:54.597000,PER,11,0 days 00:01:43.836000,17.0,2.0,,,0 days 00:00:29.895000,0 days 00:00:28.248000,0 days 00:00:45.693000,0 days 01:21:40.656000,0 days 01:22:08.904000,0 days 01:22:54.597000,273.0,252.0,225.0,289.0,False,HARD,3.0,True,Red Bull Racing,0 days 01:21:10.761000,,1267,8.0,False,,False,False,2024-03,Australian Grand Prix,2024,3,2024-03-24,train
0 days 01:24:18.866000,PER,11,0 days 00:01:24.269000,18.0,2.0,,,0 days 00:00:31.212000,0 days 00:00:17.742000,0 days 00:00:35.315000,0 days 01:23:25.809000,0 days 01:23:43.551000,0 days 01:24:18.866000,277.0,325.0,291.0,269.0,False,HARD,4.0,True,Red Bull Racing,0 days 01:22:54.597000,,71,7.0,False,,False,False,2024-03,Australian Grand Prix,2024,3,2024-03-24,train
0 days 01:25:40.706000,PER,11,0 days 00:01:21.840000,19.0,2.0,,,0 days 00:00:28.441000,0 days 00:00:17.929000,0 days 00:00:35.470000,0 days 01:24:47.307000,0 days 01:25:05.236000,0 days 01:25:40.706000,277.0,306.0,291.0,300.0,True,HARD,5.0,True,Red Bull Racing,0 days 01:24:18.866000,,1,7.0,False,,False,True,2024-03,Australian Grand Prix,2024,3,2024-03-24,train
0 days 01:27:02.417000,PER,11,0 days 00:01:21.711000,20.0,2.0,,,0 days 00:00:28.353000,0 days 00:00:17.751000,0 days 00:00:35.607000,0 days 01:26:09.059000,0 days 01:26:26.810000,0 days 01:27:02.417000,287.0,322.0,303.0,299.0,True,HARD,6.0,True,Red Bull Racing,0 days 01:25:40.706000,,1,7.0,False,,False,True,2024-03,Australian Grand Prix,2024,3,2024-03-24,train
0 days 01:28:24.468000,PER,11,0 days 00:01:22.051000,21.0,2.0,,,0 days 00:00:28.506000,0 days 00:00:17.651000,0 days 00:00:35.894000,0 days 01:27:30.923000,0 days 01:27:48.574000,0 days 01:28:24.468000,285.0,332.0,291.0,310.0,False,HARD,7.0,True,Red Bull Racing,0 days 01:27:02.417000,,1,6.0,False,,False,True,2024-03,Australian Grand Prix,2024,3,2024-03-24,train
0 days 01:29:46.337000,PER,11,0 days 00:01:21.869000,22.0,2.0,,,0 days 00:00:28.590000,0 days 00:00:17.918000,0 days 00:00:35.361000,0 days 01:28:53.058000,0 days 01:29:10.976000,0 days 01:29:46.337000,276.0,301.0,291.0,297.0,False,HARD,8.0,True,Red Bull Racing,0 days 01:28:24.468000,,1,6.0,False,,False,True,2024-03,Australian Grand Prix,2024,3,2024-03-24,train
0 days 01:31:08.186000,PER,11,0 days 00:01:21.849000,23.0,2.0,,,0 days 00:00:28.617000,0 days 00:00:18.014000,0 days 00:00:35.218000,0 days 01:30:14.954000,0 days 01:30:32.968000,0 days 01:31:08.186000,276.0,303.0,291.0,296.0,False,HARD,9.0,True,Red Bull Racing,0 days 01:29:46.337000,,1,6.0,False,,False,True,2024-03,Australian Grand Prix,2024,3,2024-03-24,train
0 days 01:32:29.713000,PER,11,0 days 00:01:21.527000,24.0,2.0,,,0 days 00:00:28.583000,0 days 00:00:17.881000,0 days 00:00:35.063000,0 days 01:31:36.769000,0 days 01:31:54.650000,0 days 01:32:29.713000,278.0,303.0,292.0,294.0,True,HARD,10.0,True,Red Bull Racing,0 days 01:31:08.186000,,1,6.0,False,,False,True,2024-03,Australian Grand Prix,2024,3,2024-03-24,train
0 days 01:33:51.208000,PER,11,0 days 00:01:21.495000,25.0,2.0,,,0 days 00:00:28.513000,0 days 00:00:17.809000,0 days 00:00:35.173000,0 days 01:32:58.226000,0 days 01:33:16.035000,0 days 01:33:51.208000,277.0,303.0,291.0,295.0,True,HARD,11.0,True,Red Bull Racing,0 days 01:32:29.713000,,1,6.0,False,,False,True,2024-03,Australian Grand Prix,2024,3,2024-03-24,train
0 days 01:35:13.454000,PER,11,0 days 00:01:22.246000,26.0,2.0,,,0 days 00:00:28.587000,0 days 00:00:17.932000,0 days 00:00:35.727000,0 days 01:34:19.795000,0 days 01:34:37.727000,0 days 01:35:13.454000,275.0,301.0,304.0,295.0,False,HARD,12.0,True,Red Bull Racing,0 days 01:33:51.208000,,1,6.0,False,,False,True,2024-03,Australian Grand Prix,2024,3,2024-03-24,train
0 days 01:36:35.011000,PER,11,0 days 00:01:21.557000,27.0,2.0,,,0 days 00:00:28.521000,0 days 00:00:17.600000,0 days 00:00:35.436000,0 days 01:35:41.975000,0 days 01:35:59.575000,0 days 01:36:35.011000,284.0,329.0,291.0,312.0,False,HARD,13.0,True,Red Bull Racing,0 days 01:35:13.454000,,1,5.0,False,,False,True,2024-03,Australian Grand Prix,2024,3,2024-03-24,train
0 days 01:37:57.163000,PER,11,0 days 00:01:22.152000,28.0,2.0,,,0 days 00:00:28.742000,0 days 00:00:18.141000,0 days 00:00:35.269000,0 days 01:37:03.753000,0 days 01:37:21.894000,0 days 01:37:57.163000,273.0,296.0,291.0,292.0,False,HARD,14.0,True,Red Bull Racing,0 days 01:36:35.011000,,1,5.0,False,,False,True,2024-03,Australian Grand Prix,2024,3,2024-03-24,train
0 days 01:39:19.289000,PER,11,0 days 00:01:22.126000,29.0,2.0,,,0 days 00:00:28.645000,0 days 00:00:18.042000,0 days 00:00:35.439000,0 days 01:38:25.808000,0 days 01:38:43.850000,0 days 01:39:19.289000,274.0,298.0,291.0,293.0,False,HARD,15.0,True,Red Bull Racing,0 days 01:37:57.163000,,1,5.0,False,,False,True,2024-03,Australian Grand Prix,2024,3,2024-03-24,train
0 days 01:40:41.469000,PER,11,0 days 00:01:22.180000,30.0,2.0,,,0 days 00:00:28.599000,0 days 00:00:17.955000,0 days 00:00:35.626000,0 days 01:39:47.888000,0 days 01:40:05.843000,0 days 01:40:41.469000,275.0,301.0,290.0,295.0,False,HARD,16.0,True,Red Bull Racing,0 days 01:39:19.289000,,1,5.0,False,,False,True,2024-03,Australian Grand Prix,2024,3,2024-03-24,train
0 days 01:42:03.828000,PER,11,0 days 00:01:22.359000,31.0,2.0,,,0 days 00:00:28.718000,0 days 00:00:18.013000,0 days 00:00:35.628000,0 days 01:41:10.187000,0 days 01:41:28.200000,0 days 01:42:03.828000,275.0,299.0,290.0,296.0,False,HARD,17.0,True,Red Bull Racing,0 days 01:40:41.469000,,1,5.0,False,,False,True,2024-03,Australian Grand Prix,2024,3,2024-03-24,train
0 days 01:43:26.269000,PER,11,0 days 00:01:22.441000,32.0,2.0,,,0 days 00:00:28.807000,0 days 00:00:18.016000,0 days 00:00:35.618000,0 days 01:42:32.635000,0 days 01:42:50.651000,0 days 01:43:26.269000,278.0,299.0,290.0,295.0,False,HARD,18.0,True,Red Bull Racing,0 days 01:42:03.828000,,1,5.0,False,,False,True,2024-03,Australian Grand Prix,2024,3,2024-03-24,train
0 days 01:44:48.835000,PER,11,0 days 00:01:22.566000,33.0,2.0,,,0 days 00:00:28.869000,0 days 00:00:18.127000,0 days 00:00:35.570000,0 days 01:43:55.138000,0 days 01:44:13.265000,0 days 01:44:48.835000,276.0,299.0,290.0,293.0,False,HARD,19.0,True,Red Bull Racing,0 days 01:43:26.269000,,1,5.0,False,,False,True,2024-03,Australian Grand Prix,2024,3,2024-03-24,train
0 days 01:46:11.797000,PER,11,0 days 00:01:22.962000,34.0,2.0,,,0 days 00:00:28.911000,0 days 00:00:18.114000,0 days 00:00:35.937000,0 days 01:45:17.746000,0 days 01:45:35.860000,0 days 01:46:11.797000,276.0,300.0,290.0,295.0,False,HARD,20.0,True,Red Bull Racing,0 days 01:44:48.835000,,1,5.0,False,,False,True,2024-03,Australian Grand Prix,2024,3,2024-03-24,train
0 days 01:47:51.237000,PER,11,0 days 00:01:39.440000,35.0,2.0,,0 days 01:47:36.252000,0 days 00:00:31.486000,0 days 00:00:18.229000,0 days 00:00:49.725000,0 days 01:46:43.283000,0 days 01:47:01.512000,0 days 01:47:51.237000,275.0,304.0,,294.0,False,HARD,21.0,True,Red Bull Racing,0 days 01:46:11.797000,,1,7.0,False,,False,False,2024-03,Australian Grand Prix,2024,3,2024-03-24,train
0 days 01:49:18.909000,PER,11,0 days 00:01:27.672000,36.0,3.0,0 days 01:47:53.442000,,0 days 00:00:34.252000,0 days 00:00:18.108000,0 days 00:00:35.312000,0 days 01:48:25.489000,0 days 01:48:43.597000,0 days 01:49:18.909000,271.0,306.0,292.0,232.0,False,HARD,1.0,True,Red Bull Racing,0 days 01:47:51.237000,,1,8.0,False,,False,False,2024-03,Australian Grand Prix,2024,3,2024-03-24,train
0 days 01:50:40.127000,PER,11,0 days 00:01:21.218000,37.0,3.0,,,0 days 00:00:28.323000,0 days 00:00:17.862000,0 days 00:00:35.033000,0 days 01:49:47.232000,0 days 01:50:05.094000,0 days 01:50:40.127000,277.0,303.0,293.0,294.0,True,HARD,2.0,True,Red Bull Racing,0 days 01:49:18.909000,,1,7.0,False,,False,True,2024-03,Australian Grand Prix,2024,3,2024-03-24,train
0 days 01:52:01.372000,PER,11,0 days 00:01:21.245000,38.0,3.0,,,0 days 00:00:28.319000,0 days 00:00:18.045000,0 days 00:00:34.881000,0 days 01:51:08.446000,0 days 01:51:26.491000,0 days 01:52:01.372000,274.0,298.0,292.0,295.0,False,HARD,3.0,True,Red Bull Racing,0 days 01:50:40.127000,,1,7.0,False,,False,True,2024-03,Australian Grand Prix,2024,3,2024-03-24,train
0 days 01:53:22.820000,PER,11,0 days 00:01:21.448000,39.0,3.0,,,0 days 00:00:28.423000,0 days 00:00:17.834000,0 days 00:00:35.191000,0 days 01:52:29.795000,0 days 01:52:47.629000,0 days 01:53:22.820000,275.0,300.0,292.0,294.0,False,HARD,4.0,True,Red Bull Racing,0 days 01:52:01.372000,,1,7.0,False,,False,True,2024-03,Australian Grand Prix,2024,3,2024-03-24,train
0 days 01:54:43.865000,PER,11,0 days 00:01:21.045000,40.0,3.0,,,0 days 00:00:28.400000,0 days 00:00:17.836000,0 days 00:00:34.809000,0 days 01:53:51.220000,0 days 01:54:09.056000,0 days 01:54:43.865000,276.0,302.0,292.0,294.0,True,HARD,5.0,True,Red Bull Racing,0 days 01:53:22.820000,,1,7.0,False,,False,True,2024-03,Australian Grand Prix,2024,3,2024-03-24,train
0 days 01:56:04.863000,PER,11,0 days 00:01:20.998000,41.0,3.0,,,0 days 00:00:28.268000,0 days 00:00:17.817000,0 days 00:00:34.913000,0 days 01:55:12.133000,0 days 01:55:29.950000,0 days 01:56:04.863000,278.0,302.0,292.0,295.0,True,HARD,6.0,True,Red Bull Racing,0 days 01:54:43.865000,,1,6.0,False,,False,True,2024-03,Australian Grand Prix,2024,3,2024-03-24,train
0 days 01:57:26.213000,PER,11,0 days 00:01:21.350000,42.0,3.0,,,0 days 00:00:28.442000,0 days 00:00:17.795000,0 days 00:00:35.113000,0 days 01:56:33.305000,0 days 01:56:51.100000,0 days 01:57:26.213000,275.0,302.0,292.0,296.0,False,HARD,7.0,True,Red Bull Racing,0 days 01:56:04.863000,,1,6.0,False,,False,True,2024-03,Australian Grand Prix,2024,3,2024-03-24,train
0 days 01:58:47.011000,PER,11,0 days 00:01:20.798000,43.0,3.0,,,0 days 00:00:28.267000,0 days 00:00:17.739000,0 days 00:00:34.792000,0 days 01:57:54.480000,0 days 01:58:12.219000,0 days 01:58:47.011000,280.0,305.0,293.0,298.0,True,HARD,8.0,True,Red Bull Racing,0 days 01:57:26.213000,,1,6.0,False,,False,True,2024-03,Australian Grand Prix,2024,3,2024-03-24,train
0 days 02:00:07.717000,PER,11,0 days 00:01:20.706000,44.0,3.0,,,0 days 00:00:28.222000,0 days 00:00:17.702000,0 days 00:00:34.782000,0 days 01:59:15.233000,0 days 01:59:32.935000,0 days 02:00:07.717000,279.0,304.0,293.0,297.0,True,HARD,9.0,True,Red Bull Racing,0 days 01:58:47.011000,,1,6.0,False,,False,True,2024-03,Australian Grand Prix,2024,3,2024-03-24,train
0 days 02:01:28.486000,PER,11,0 days 00:01:20.769000,45.0,3.0,,,0 days 00:00:28.262000,0 days 00:00:17.736000,0 days 00:00:34.771000,0 days 02:00:35.979000,0 days 02:00:53.715000,0 days 02:01:28.486000,279.0,302.0,293.0,294.0,False,HARD,10.0,True,Red Bull Racing,0 days 02:00:07.717000,,1,5.0,False,,False,True,2024-03,Australian Grand Prix,2024,3,2024-03-24,train
0 days 02:02:48.914000,PER,11,0 days 00:01:20.428000,46.0,3.0,,,0 days 00:00:28.204000,0 days 00:00:17.718000,0 days 00:00:34.506000,0 days 02:01:56.690000,0 days 02:02:14.408000,0 days 02:02:48.914000,278.0,300.0,293.0,297.0,True,HARD,11.0,True,Red Bull Racing,0 days 02:01:28.486000,,1,5.0,False,,False,True,2024-03,Australian Grand Prix,2024,3,2024-03-24,train
0 days 02:04:09.302000,PER,11,0 days 00:01:20.388000,47.0,3.0,,,0 days 00:00:28.091000,0 days 00:00:17.734000,0 days 00:00:34.563000,0 days 02:03:17.005000,0 days 02:03:34.739000,0 days 02:04:09.302000,278.0,302.0,293.0,295.0,True,HARD,12.0,True,Red Bull Racing,0 days 02:02:48.914000,,1,5.0,False,,False,True,2024-03,Australian Grand Prix,2024,3,2024-03-24,train
0 days 02:05:30.138000,PER,11,0 days 00:01:20.836000,48.0,3.0,,,0 days 00:00:28.191000,0 days 00:00:17.724000,0 days 00:00:34.921000,0 days 02:04:37.493000,0 days 02:04:55.217000,0 days 02:05:30.138000,277.0,302.0,293.0,295.0,False,HARD,13.0,True,Red Bull Racing,0 days 02:04:09.302000,,1,5.0,False,,False,True,2024-03,Australian Grand Prix,2024,3,2024-03-24,train
0 days 02:06:50.898000,PER,11,0 days 00:01:20.760000,49.0,3.0,,,0 days 00:00:28.140000,0 days 00:00:17.803000,0 days 00:00:34.817000,0 days 02:05:58.278000,0 days 02:06:16.081000,0 days 02:06:50.898000,281.0,304.0,293.0,297.0,False,HARD,14.0,True,Red Bull Racing,0 days 02:05:30.138000,,1,5.0,False,,False,True,2024-03,Australian Grand Prix,2024,3,2024-03-24,train
0 days 02:08:11.769000,PER,11,0 days 00:01:20.871000,50.0,3.0,,,0 days 00:00:28.244000,0 days 00:00:17.792000,0 days 00:00:34.835000,0 days 02:07:19.142000,0 days 02:07:36.934000,0 days 02:08:11.769000,277.0,300.0,293.0,293.0,False,HARD,15.0,True,Red Bull Racing,0 days 02:06:50.898000,,1,5.0,False,,False,True,2024-03,Australian Grand Prix,2024,3,2024-03-24,train
0 days 02:09:32.807000,PER,11,0 days 00:01:21.038000,51.0,3.0,,,0 days 00:00:28.284000,0 days 00:00:17.866000,0 days 00:00:34.888000,0 days 02:08:40.053000,0 days 02:08:57.919000,0 days 02:09:32.807000,278.0,300.0,293.0,296.0,False,HARD,16.0,True,Red Bull Racing,0 days 02:08:11.769000,,1,5.0,False,,False,True,2024-03,Australian Grand Prix,2024,3,2024-03-24,train
0 days 02:10:53.957000,PER,11,0 days 00:01:21.150000,52.0,3.0,,,0 days 00:00:28.380000,0 days 00:00:17.743000,0 days 00:00:35.027000,0 days 02:10:01.187000,0 days 02:10:18.930000,0 days 02:10:53.957000,278.0,301.0,293.0,296.0,False,HARD,17.0,True,Red Bull Racing,0 days 02:09:32.807000,,1,5.0,False,,False,True,2024-03,Australian Grand Prix,2024,3,2024-03-24,train
0 days 02:12:15.501000,PER,11,0 days 00:01:21.544000,53.0,3.0,,,0 days 00:00:28.466000,0 days 00:00:17.814000,0 days 00:00:35.264000,0 days 02:11:22.423000,0 days 02:11:40.237000,0 days 02:12:15.501000,278.0,303.0,293.0,296.0,False,HARD,18.0,True,Red Bull Racing,0 days 02:10:53.957000,,1,5.0,False,,False,True,2024-03,Australian Grand Prix,2024,3,2024-03-24,train
0 days 02:13:37.131000,PER,11,0 days 00:01:21.630000,54.0,3.0,,,0 days 00:00:28.537000,0 days 00:00:17.969000,0 days 00:00:35.124000,0 days 02:12:44.038000,0 days 02:13:02.007000,0 days 02:13:37.131000,276.0,301.0,293.0,297.0,False,HARD,19.0,True,Red Bull Racing,0 days 02:12:15.501000,,1,5.0,False,,False,True,2024-03,Australian Grand Prix,2024,3,2024-03-24,train
0 days 02:14:58.747000,PER,11,0 days 00:01:21.616000,55.0,3.0,,,0 days 00:00:28.522000,0 days 00:00:17.986000,0 days 00:00:35.108000,0 days 02:14:05.653000,0 days 02:14:23.639000,0 days 02:14:58.747000,278.0,302.0,293.0,300.0,False,HARD,20.0,True,Red Bull Racing,0 days 02:13:37.131000,,1,5.0,False,,False,True,2024-03,Australian Grand Prix,2024,3,2024-03-24,train
0 days 02:16:20.596000,PER,11,0 days 00:01:21.849000,56.0,3.0,,,0 days 00:00:28.564000,0 days 00:00:17.943000,0 days 00:00:35.342000,0 days 02:15:27.311000,0 days 02:15:45.254000,0 days 02:16:20.596000,277.0,302.0,293.0,298.0,False,HARD,21.0,True,Red Bull Racing,0 days 02:14:58.747000,,1,5.0,False,,False,True,2024-03,Australian Grand Prix,2024,3,2024-03-24,train
0 days 02:17:50.896000,PER,11,0 days 00:01:30.300000,57.0,3.0,,,0 days 00:00:28.769000,0 days 00:00:17.883000,0 days 00:00:43.648000,0 days 02:16:49.365000,0 days 02:17:07.248000,0 days 02:17:50.896000,278.0,303.0,227.0,296.0,False,HARD,22.0,True,Red Bull Racing,0 days 02:16:20.596000,,126,5.0,False,,False,False,2024-03,Australian Grand Prix,2024,3,2024-03-24,train
0 days 02:19:52.638000,PER,11,0 days 00:02:01.742000,58.0,3.0,,,0 days 00:00:42.725000,0 days 00:00:40.289000,0 days 00:00:38.728000,0 days 02:18:33.621000,0 days 02:19:13.910000,0 days 02:19:52.638000,125.0,294.0,284.0,204.0,False,HARD,23.0,True,Red Bull Racing,0 days 02:17:50.896000,,6,5.0,False,,False,False,2024-03,Australian Grand Prix,2024,3,2024-03-24,train
0 days 01:00:00.006000,LEC,16,0 days 00:01:30.520000,1.0,1.0,,,,0 days 00:00:18.405000,0 days 00:00:36.383000,,0 days 00:59:23.837000,0 days 01:00:00.222000,268.0,303.0,289.0,241.0,False,MEDIUM,1.0,True,Ferrari,0 days 00:58:29.232000,,1,4.0,False,,False,False,2024-03,Australian Grand Prix,2024,3,2024-03-24,train
0 days 01:01:23.020000,LEC,16,0 days 00:01:23.014000,2.0,1.0,,,0 days 00:00:28.731000,0 days 00:00:17.982000,0 days 00:00:36.301000,0 days 01:00:28.802000,0 days 01:00:46.784000,0 days 01:01:23.085000,273.0,319.0,301.0,291.0,True,MEDIUM,2.0,True,Ferrari,0 days 01:00:00.006000,,1,4.0,False,,False,True,2024-03,Australian Grand Prix,2024,3,2024-03-24,train
0 days 01:02:45.796000,LEC,16,0 days 00:01:22.776000,3.0,1.0,,,0 days 00:00:28.753000,0 days 00:00:17.912000,0 days 00:00:36.111000,0 days 01:01:51.838000,0 days 01:02:09.750000,0 days 01:02:45.861000,272.0,316.0,303.0,310.0,True,MEDIUM,3.0,True,Ferrari,0 days 01:01:23.020000,,1,4.0,False,,False,True,2024-03,Australian Grand Prix,2024,3,2024-03-24,train
0 days 01:04:08.315000,LEC,16,0 days 00:01:22.519000,4.0,1.0,,,0 days 00:00:28.753000,0 days 00:00:18.015000,0 days 00:00:35.751000,,0 days 01:03:32.629000,0 days 01:04:08.380000,273.0,322.0,299.0,312.0,True,MEDIUM,4.0,True,Ferrari,0 days 01:02:45.796000,,1,3.0,False,,False,True,2024-03,Australian Grand Prix,2024,3,2024-03-24,train
0 days 01:05:30.947000,LEC,16,0 days 00:01:22.632000,5.0,1.0,,,0 days 00:00:28.895000,0 days 00:00:17.930000,0 days 00:00:35.807000,0 days 01:04:37.275000,0 days 01:04:55.205000,0 days 01:05:31.012000,278.0,317.0,300.0,307.0,False,MEDIUM,5.0,True,Ferrari,0 days 01:04:08.315000,,1,3.0,False,,False,True,2024-03,Australian Grand Prix,2024,3,2024-03-24,train
0 days 01:06:53.620000,LEC,16,0 days 00:01:22.673000,6.0,1.0,,,0 days 00:00:28.817000,0 days 00:00:17.824000,0 days 00:00:36.032000,0 days 01:05:59.829000,0 days 01:06:17.653000,0 days 01:06:53.685000,280.0,323.0,299.0,302.0,False,MEDIUM,6.0,True,Ferrari,0 days 01:05:30.947000,,1,3.0,False,,False,True,2024-03,Australian Grand Prix,2024,3,2024-03-24,train
0 days 01:08:16.304000,LEC,16,0 days 00:01:22.684000,7.0,1.0,,,0 days 00:00:28.963000,0 days 00:00:17.949000,0 days 00:00:35.772000,0 days 01:07:22.648000,0 days 01:07:40.597000,0 days 01:08:16.369000,278.0,315.0,300.0,308.0,False,MEDIUM,7.0,True,Ferrari,0 days 01:06:53.620000,,1,3.0,False,,False,True,2024-03,Australian Grand Prix,2024,3,2024-03-24,train
0 days 01:09:39.287000,LEC,16,0 days 00:01:22.983000,8.0,1.0,,,0 days 00:00:28.769000,0 days 00:00:17.823000,0 days 00:00:36.391000,0 days 01:08:45.138000,0 days 01:09:02.961000,0 days 01:09:39.352000,283.0,327.0,299.0,308.0,False,MEDIUM,8.0,True,Ferrari,0 days 01:08:16.304000,,1,3.0,False,,False,True,2024-03,Australian Grand Prix,2024,3,2024-03-24,train
0 days 01:11:15.323000,LEC,16,0 days 00:01:36.036000,9.0,1.0,,0 days 01:11:00.168000,0 days 00:00:28.769000,0 days 00:00:17.994000,0 days 00:00:49.273000,,0 days 01:10:26.115000,0 days 01:11:15.388000,271.0,315.0,,307.0,False,MEDIUM,9.0,True,Ferrari,0 days 01:09:39.287000,,1,5.0,False,,False,False,2024-03,Australian Grand Prix,2024,3,2024-03-24,train
0 days 01:12:43.184000,LEC,16,0 days 00:01:27.861000,10.0,2.0,0 days 01:11:17.342000,,0 days 00:00:33.912000,0 days 00:00:18.358000,0 days 00:00:35.591000,0 days 01:11:49.300000,0 days 01:12:07.658000,0 days 01:12:43.249000,271.0,298.0,292.0,232.0,False,HARD,1.0,True,Ferrari,0 days 01:11:15.323000,,1,7.0,False,,False,False,2024-03,Australian Grand Prix,2024,3,2024-03-24,train
0 days 01:14:05.831000,LEC,16,0 days 00:01:22.647000,11.0,2.0,,,0 days 00:00:28.900000,0 days 00:00:18.018000,0 days 00:00:35.729000,0 days 01:13:12.149000,0 days 01:13:30.167000,0 days 01:14:05.896000,273.0,320.0,288.0,296.0,False,HARD,2.0,True,Ferrari,0 days 01:12:43.184000,,1,5.0,False,,False,True,2024-03,Australian Grand Prix,2024,3,2024-03-24,train
0 days 01:15:27.672000,LEC,16,0 days 00:01:21.841000,12.0,2.0,,,0 days 00:00:28.454000,0 days 00:00:18.244000,0 days 00:00:35.143000,0 days 01:14:34.350000,0 days 01:14:52.594000,0 days 01:15:27.737000,272.0,294.0,288.0,291.0,True,HARD,3.0,True,Ferrari,0 days 01:14:05.831000,,1,5.0,False,,False,True,2024-03,Australian Grand Prix,2024,3,2024-03-24,train
0 days 01:16:49.894000,LEC,16,0 days 00:01:22.222000,13.0,2.0,,,0 days 00:00:28.716000,0 days 00:00:18.198000,0 days 00:00:35.308000,0 days 01:15:56.453000,0 days 01:16:14.651000,0 days 01:16:49.959000,270.0,295.0,288.0,289.0,False,HARD,4.0,True,Ferrari,0 days 01:15:27.672000,,1,5.0,False,,False,True,2024-03,Australian Grand Prix,2024,3,2024-03-24,train
0 days 01:18:11.846000,LEC,16,0 days 00:01:21.952000,14.0,2.0,,,0 days 00:00:28.647000,0 days 00:00:18.127000,0 days 00:00:35.178000,0 days 01:17:18.606000,0 days 01:17:36.733000,0 days 01:18:11.911000,275.0,300.0,288.0,291.0,False,HARD,5.0,True,Ferrari,0 days 01:16:49.894000,,1,4.0,False,,False,True,2024-03,Australian Grand Prix,2024,3,2024-03-24,train
0 days 01:19:33.581000,LEC,16,0 days 00:01:21.735000,15.0,2.0,,,0 days 00:00:28.447000,0 days 00:00:18.202000,0 days 00:00:35.086000,0 days 01:18:40.358000,0 days 01:18:58.560000,0 days 01:19:33.646000,276.0,299.0,288.0,293.0,True,HARD,6.0,True,Ferrari,0 days 01:18:11.846000,,1,3.0,False,,False,True,2024-03,Australian Grand Prix,2024,3,2024-03-24,train
0 days 01:20:55.828000,LEC,16,0 days 00:01:22.247000,16.0,2.0,,,0 days 00:00:28.598000,0 days 00:00:18.349000,0 days 00:00:35.300000,0 days 01:20:02.244000,0 days 01:20:20.593000,0 days 01:20:55.893000,272.0,297.0,288.0,291.0,False,HARD,7.0,True,Ferrari,0 days 01:19:33.581000,,1,3.0,False,,False,True,2024-03,Australian Grand Prix,2024,3,2024-03-24,train
0 days 01:22:33.263000,LEC,16,0 days 00:01:37.435000,17.0,2.0,,,0 days 00:00:28.508000,0 days 00:00:18.084000,0 days 00:00:50.843000,0 days 01:21:24.401000,0 days 01:21:42.485000,0 days 01:22:33.328000,274.0,302.0,239.0,292.0,False,HARD,8.0,True,Ferrari,0 days 01:20:55.828000,,126,2.0,False,,False,False,2024-03,Australian Grand Prix,2024,3,2024-03-24,train
0 days 01:24:02.159000,LEC,16,0 days 00:01:28.896000,18.0,2.0,,,0 days 00:00:35.361000,0 days 00:00:18.174000,0 days 00:00:35.361000,0 days 01:23:08.689000,0 days 01:23:26.863000,0 days 01:24:02.224000,277.0,299.0,300.0,186.0,False,HARD,9.0,True,Ferrari,0 days 01:22:33.263000,,671,2.0,False,,False,False,2024-03,Australian Grand Prix,2024,3,2024-03-24,train
0 days 01:25:24.040000,LEC,16,0 days 00:01:21.881000,19.0,2.0,,,0 days 00:00:28.197000,0 days 00:00:18.205000,0 days 00:00:35.479000,0 days 01:24:30.421000,0 days 01:24:48.626000,0 days 01:25:24.105000,283.0,301.0,290.0,309.0,False,HARD,10.0,True,Ferrari,0 days 01:24:02.159000,,1,2.0,False,,False,True,2024-03,Australian Grand Prix,2024,3,2024-03-24,train
0 days 01:26:45.925000,LEC,16,0 days 00:01:21.885000,20.0,2.0,,,0 days 00:00:28.409000,0 days 00:00:18.110000,0 days 00:00:35.366000,0 days 01:25:52.514000,0 days 01:26:10.624000,0 days 01:26:45.990000,276.0,301.0,289.0,295.0,False,HARD,11.0,True,Ferrari,0 days 01:25:24.040000,,1,2.0,False,,False,True,2024-03,Australian Grand Prix,2024,3,2024-03-24,train
0 days 01:28:07.983000,LEC,16,0 days 00:01:22.058000,21.0,2.0,,,0 days 00:00:28.477000,0 days 00:00:18.114000,0 days 00:00:35.467000,0 days 01:27:14.467000,0 days 01:27:32.581000,0 days 01:28:08.048000,276.0,301.0,289.0,293.0,False,HARD,12.0,True,Ferrari,0 days 01:26:45.925000,,1,2.0,False,,False,True,2024-03,Australian Grand Prix,2024,3,2024-03-24,train
0 days 01:29:29.705000,LEC,16,0 days 00:01:21.722000,22.0,2.0,,,0 days 00:00:28.368000,0 days 00:00:18.072000,0 days 00:00:35.282000,0 days 01:28:36.416000,0 days 01:28:54.488000,0 days 01:29:29.770000,276.0,300.0,289.0,293.0,True,HARD,13.0,True,Ferrari,0 days 01:28:07.983000,,1,2.0,False,,False,True,2024-03,Australian Grand Prix,2024,3,2024-03-24,train
0 days 01:30:51.637000,LEC,16,0 days 00:01:21.932000,23.0,2.0,,,0 days 00:00:28.419000,0 days 00:00:18.062000,0 days 00:00:35.451000,0 days 01:29:58.189000,0 days 01:30:16.251000,0 days 01:30:51.702000,275.0,300.0,289.0,292.0,False,HARD,14.0,True,Ferrari,0 days 01:29:29.705000,,1,2.0,False,,False,True,2024-03,Australian Grand Prix,2024,3,2024-03-24,train
0 days 01:32:13.489000,LEC,16,0 days 00:01:21.852000,24.0,2.0,,,0 days 00:00:28.455000,0 days 00:00:18.042000,0 days 00:00:35.355000,0 days 01:31:20.157000,0 days 01:31:38.199000,0 days 01:32:13.554000,275.0,300.0,289.0,291.0,False,HARD,15.0,True,Ferrari,0 days 01:30:51.637000,,1,2.0,False,,False,True,2024-03,Australian Grand Prix,2024,3,2024-03-24,train
0 days 01:33:35.440000,LEC,16,0 days 00:01:21.951000,25.0,2.0,,,0 days 00:00:28.587000,0 days 00:00:18.078000,0 days 00:00:35.286000,0 days 01:32:42.141000,0 days 01:33:00.219000,0 days 01:33:35.505000,275.0,299.0,287.0,290.0,False,HARD,16.0,True,Ferrari,0 days 01:32:13.489000,,1,2.0,False,,False,True,2024-03,Australian Grand Prix,2024,3,2024-03-24,train
0 days 01:34:57.482000,LEC,16,0 days 00:01:22.042000,26.0,2.0,,,0 days 00:00:28.596000,0 days 00:00:18.091000,0 days 00:00:35.355000,0 days 01:34:04.101000,0 days 01:34:22.192000,0 days 01:34:57.547000,272.0,298.0,289.0,291.0,False,HARD,17.0,True,Ferrari,0 days 01:33:35.440000,,1,2.0,False,,False,True,2024-03,Australian Grand Prix,2024,3,2024-03-24,train
0 days 01:36:19.304000,LEC,16,0 days 00:01:21.822000,27.0,2.0,,,0 days 00:00:28.590000,0 days 00:00:18.059000,0 days 00:00:35.173000,0 days 01:35:26.137000,0 days 01:35:44.196000,0 days 01:36:19.369000,277.0,302.0,288.0,295.0,False,HARD,18.0,True,Ferrari,0 days 01:34:57.482000,,1,2.0,False,,False,True,2024-03,Australian Grand Prix,2024,3,2024-03-24,train
0 days 01:37:41.273000,LEC,16,0 days 00:01:21.969000,28.0,2.0,,,0 days 00:00:28.496000,0 days 00:00:18.164000,0 days 00:00:35.309000,0 days 01:36:47.865000,0 days 01:37:06.029000,0 days 01:37:41.338000,276.0,299.0,288.0,293.0,False,HARD,19.0,True,Ferrari,0 days 01:36:19.304000,,1,2.0,False,,False,True,2024-03,Australian Grand Prix,2024,3,2024-03-24,train
0 days 01:39:03.706000,LEC,16,0 days 00:01:22.433000,29.0,2.0,,,0 days 00:00:28.845000,0 days 00:00:18.259000,0 days 00:00:35.329000,0 days 01:38:10.183000,0 days 01:38:28.442000,0 days 01:39:03.771000,277.0,301.0,288.0,294.0,False,HARD,20.0,True,Ferrari,0 days 01:37:41.273000,,1,2.0,False,,False,True,2024-03,Australian Grand Prix,2024,3,2024-03-24,train
0 days 01:40:25.990000,LEC,16,0 days 00:01:22.284000,30.0,2.0,,,0 days 00:00:28.708000,0 days 00:00:18.276000,0 days 00:00:35.300000,0 days 01:39:32.479000,0 days 01:39:50.755000,0 days 01:40:26.055000,276.0,300.0,288.0,293.0,False,HARD,21.0,True,Ferrari,0 days 01:39:03.706000,,1,2.0,False,,False,True,2024-03,Australian Grand Prix,2024,3,2024-03-24,train
0 days 01:41:47.986000,LEC,16,0 days 00:01:21.996000,31.0,2.0,,,0 days 00:00:28.587000,0 days 00:00:18.184000,0 days 00:00:35.225000,0 days 01:40:54.642000,0 days 01:41:12.826000,0 days 01:41:48.051000,276.0,299.0,289.0,291.0,False,HARD,22.0,True,Ferrari,0 days 01:40:25.990000,,1,2.0,False,,False,True,2024-03,Australian Grand Prix,2024,3,2024-03-24,train
0 days 01:43:09.827000,LEC,16,0 days 00:01:21.841000,32.0,2.0,,,0 days 00:00:28.706000,0 days 00:00:18.130000,0 days 00:00:35.005000,0 days 01:42:16.757000,0 days 01:42:34.887000,0 days 01:43:09.892000,276.0,298.0,288.0,293.0,False,HARD,23.0,True,Ferrari,0 days 01:41:47.986000,,1,2.0,False,,False,True,2024-03,Australian Grand Prix,2024,3,2024-03-24,train
0 days 01:44:31.849000,LEC,16,0 days 00:01:22.022000,33.0,2.0,,,0 days 00:00:28.743000,0 days 00:00:18.172000,0 days 00:00:35.107000,0 days 01:43:38.635000,0 days 01:43:56.807000,0 days 01:44:31.914000,274.0,295.0,289.0,290.0,False,HARD,24.0,True,Ferrari,0 days 01:43:09.827000,,1,2.0,False,,False,True,2024-03,Australian Grand Prix,2024,3,2024-03-24,train
0 days 01:46:07.811000,LEC,16,0 days 00:01:35.962000,34.0,2.0,,0 days 01:45:52.771000,0 days 00:00:28.835000,0 days 00:00:18.205000,0 days 00:00:48.922000,0 days 01:45:00.749000,0 days 01:45:18.954000,0 days 01:46:07.876000,275.0,298.0,,292.0,False,HARD,25.0,True,Ferrari,0 days 01:44:31.849000,,1,4.0,False,,False,False,2024-03,Australian Grand Prix,2024,3,2024-03-24,train
0 days 01:47:35.762000,LEC,16,0 days 00:01:27.951000,35.0,3.0,0 days 01:46:09.984000,,0 days 00:00:34.283000,0 days 00:00:18.437000,0 days 00:00:35.231000,0 days 01:46:42.159000,0 days 01:47:00.596000,0 days 01:47:35.827000,272.0,291.0,288.0,234.0,False,HARD,1.0,True,Ferrari,0 days 01:46:07.811000,,1,4.0,False,,False,False,2024-03,Australian Grand Prix,2024,3,2024-03-24,train
0 days 01:48:57.704000,LEC,16,0 days 00:01:21.942000,36.0,3.0,,,0 days 00:00:28.493000,0 days 00:00:18.231000,0 days 00:00:35.218000,0 days 01:48:04.320000,0 days 01:48:22.551000,0 days 01:48:57.769000,271.0,299.0,288.0,289.0,False,HARD,2.0,True,Ferrari,0 days 01:47:35.762000,,1,4.0,False,,False,True,2024-03,Australian Grand Prix,2024,3,2024-03-24,train
0 days 01:50:18.392000,LEC,16,0 days 00:01:20.688000,37.0,3.0,,,0 days 00:00:28.238000,0 days 00:00:18.085000,0 days 00:00:34.365000,0 days 01:49:26.007000,0 days 01:49:44.092000,0 days 01:50:18.457000,276.0,299.0,291.0,290.0,True,HARD,3.0,True,Ferrari,0 days 01:48:57.704000,,1,4.0,False,,False,True,2024-03,Australian Grand Prix,2024,3,2024-03-24,train
0 days 01:51:39.341000,LEC,16,0 days 00:01:20.949000,38.0,3.0,,,0 days 00:00:28.100000,0 days 00:00:17.966000,0 days 00:00:34.883000,0 days 01:50:46.557000,0 days 01:51:04.523000,0 days 01:51:39.406000,276.0,300.0,290.0,291.0,False,HARD,4.0,True,Ferrari,0 days 01:50:18.392000,,1,4.0,False,,False,True,2024-03,Australian Grand Prix,2024,3,2024-03-24,train
0 days 01:53:00.250000,LEC,16,0 days 00:01:20.909000,39.0,3.0,,,0 days 00:00:28.184000,0 days 00:00:17.887000,0 days 00:00:34.838000,0 days 01:52:07.590000,0 days 01:52:25.477000,0 days 01:53:00.315000,278.0,302.0,291.0,294.0,False,HARD,5.0,True,Ferrari,0 days 01:51:39.341000,,1,3.0,False,,False,True,2024-03,Australian Grand Prix,2024,3,2024-03-24,train
0 days 01:54:21.203000,LEC,16,0 days 00:01:20.953000,40.0,3.0,,,0 days 00:00:28.187000,0 days 00:00:17.895000,0 days 00:00:34.871000,0 days 01:53:28.502000,0 days 01:53:46.397000,0 days 01:54:21.268000,277.0,302.0,291.0,294.0,False,HARD,6.0,True,Ferrari,0 days 01:53:00.250000,,1,3.0,False,,False,True,2024-03,Australian Grand Prix,2024,3,2024-03-24,train
0 days 01:55:41.878000,LEC,16,0 days 00:01:20.675000,41.0,3.0,,,0 days 00:00:28.107000,0 days 00:00:17.871000,0 days 00:00:34.697000,0 days 01:54:49.375000,0 days 01:55:07.246000,0 days 01:55:41.943000,279.0,306.0,292.0,297.0,True,HARD,7.0,True,Ferrari,0 days 01:54:21.203000,,1,2.0,False,,False,True,2024-03,Australian Grand Prix,2024,3,2024-03-24,train
0 days 01:57:02.727000,LEC,16,0 days 00:01:20.849000,42.0,3.0,,,0 days 00:00:28.366000,0 days 00:00:17.866000,0 days 00:00:34.617000,0 days 01:56:10.309000,0 days 01:56:28.175000,0 days 01:57:02.792000,277.0,304.0,291.0,295.0,False,HARD,8.0,True,Ferrari,0 days 01:55:41.878000,,1,2.0,False,,False,True,2024-03,Australian Grand Prix,2024,3,2024-03-24,train
0 days 01:58:23.580000,LEC,16,0 days 00:01:20.853000,43.0,3.0,,,0 days 00:00:28.089000,0 days 00:00:17.823000,0 days 00:00:34.941000,0 days 01:57:30.881000,0 days 01:57:48.704000,0 days 01:58:23.645000,282.0,312.0,292.0,296.0,False,HARD,9.0,True,Ferrari,0 days 01:57:02.727000,,1,2.0,False,,False,True,2024-03,Australian Grand Prix,2024,3,2024-03-24,train
0 days 01:59:44.140000,LEC,16,0 days 00:01:20.560000,44.0,3.0,,,0 days 00:00:28.069000,0 days 00:00:17.861000,0 days 00:00:34.630000,0 days 01:58:51.714000,0 days 01:59:09.575000,0 days 01:59:44.205000,287.0,315.0,290.0,294.0,True,HARD,10.0,True,Ferrari,0 days 01:58:23.580000,,1,2.0,False,,False,True,2024-03,Australian Grand Prix,2024,3,2024-03-24,train
0 days 02:01:04.548000,LEC,16,0 days 00:01:20.408000,45.0,3.0,,,0 days 00:00:28.110000,0 days 00:00:17.800000,0 days 00:00:34.498000,0 days 02:00:12.315000,0 days 02:00:30.115000,0 days 02:01:04.613000,277.0,300.0,291.0,293.0,True,HARD,11.0,True,Ferrari,0 days 01:59:44.140000,,1,2.0,False,,False,True,2024-03,Australian Grand Prix,2024,3,2024-03-24,train
0 days 02:02:25.308000,LEC,16,0 days 00:01:20.760000,46.0,3.0,,,0 days 00:00:28.049000,0 days 00:00:18.096000,0 days 00:00:34.615000,0 days 02:01:32.662000,0 days 02:01:50.758000,0 days 02:02:25.373000,278.0,298.0,291.0,292.0,False,HARD,12.0,True,Ferrari,0 days 02:01:04.548000,,1,2.0,False,,False,True,2024-03,Australian Grand Prix,2024,3,2024-03-24,train
0 days 02:03:45.307000,LEC,16,0 days 00:01:19.999000,47.0,3.0,,,0 days 00:00:27.807000,0 days 00:00:17.791000,0 days 00:00:34.401000,0 days 02:02:53.180000,0 days 02:03:10.971000,0 days 02:03:45.372000,281.0,303.0,291.0,295.0,True,HARD,13.0,True,Ferrari,0 days 02:02:25.308000,,1,2.0,False,,False,True,2024-03,Australian Grand Prix,2024,3,2024-03-24,train
0 days 02:05:05.656000,LEC,16,0 days 00:01:20.349000,48.0,3.0,,,0 days 00:00:28.125000,0 days 00:00:17.844000,0 days 00:00:34.380000,0 days 02:04:13.497000,0 days 02:04:31.341000,0 days 02:05:05.721000,277.0,299.0,290.0,291.0,False,HARD,14.0,True,Ferrari,0 days 02:03:45.307000,,1,2.0,False,,False,True,2024-03,Australian Grand Prix,2024,3,2024-03-24,train
0 days 02:06:25.800000,LEC,16,0 days 00:01:20.144000,49.0,3.0,,,0 days 00:00:27.919000,0 days 00:00:17.844000,0 days 00:00:34.381000,0 days 02:05:33.640000,0 days 02:05:51.484000,0 days 02:06:25.865000,278.0,298.0,291.0,291.0,False,HARD,15.0,True,Ferrari,0 days 02:05:05.656000,,1,2.0,False,,False,True,2024-03,Australian Grand Prix,2024,3,2024-03-24,train
0 days 02:07:45.725000,LEC,16,0 days 00:01:19.925000,50.0,3.0,,,0 days 00:00:27.895000,0 days 00:00:17.770000,0 days 00:00:34.260000,0 days 02:06:53.760000,0 days 02:07:11.530000,0 days 02:07:45.790000,280.0,303.0,291.0,293.0,True,HARD,16.0,True,Ferrari,0 days 02:06:25.800000,,1,2.0,False,,False,True,2024-03,Australian Grand Prix,2024,3,2024-03-24,train
0 days 02:09:05.940000,LEC,16,0 days 00:01:20.215000,51.0,3.0,,,0 days 00:00:27.948000,0 days 00:00:17.857000,0 days 00:00:34.410000,0 days 02:08:13.738000,0 days 02:08:31.595000,0 days 02:09:06.005000,278.0,300.0,291.0,293.0,False,HARD,17.0,True,Ferrari,0 days 02:07:45.725000,,1,2.0,False,,False,True,2024-03,Australian Grand Prix,2024,3,2024-03-24,train
0 days 02:10:26.271000,LEC,16,0 days 00:01:20.331000,52.0,3.0,,,0 days 00:00:27.976000,0 days 00:00:17.865000,0 days 00:00:34.490000,0 days 02:09:33.981000,0 days 02:09:51.846000,0 days 02:10:26.336000,279.0,300.0,291.0,292.0,False,HARD,18.0,True,Ferrari,0 days 02:09:05.940000,,1,2.0,False,,False,True,2024-03,Australian Grand Prix,2024,3,2024-03-24,train
0 days 02:11:46.734000,LEC,16,0 days 00:01:20.463000,53.0,3.0,,,0 days 00:00:28.073000,0 days 00:00:17.852000,0 days 00:00:34.538000,0 days 02:10:54.409000,0 days 02:11:12.261000,0 days 02:11:46.799000,277.0,299.0,291.0,292.0,False,HARD,19.0,True,Ferrari,0 days 02:10:26.271000,,1,2.0,False,,False,True,2024-03,Australian Grand Prix,2024,3,2024-03-24,train
0 days 02:13:07.054000,LEC,16,0 days 00:01:20.320000,54.0,3.0,,,0 days 00:00:28.019000,0 days 00:00:17.810000,0 days 00:00:34.491000,0 days 02:12:14.818000,0 days 02:12:32.628000,0 days 02:13:07.119000,277.0,300.0,292.0,292.0,False,HARD,20.0,True,Ferrari,0 days 02:11:46.734000,,1,2.0,False,,False,True,2024-03,Australian Grand Prix,2024,3,2024-03-24,train
0 days 02:14:28.016000,LEC,16,0 days 00:01:20.962000,55.0,3.0,,,0 days 00:00:28.437000,0 days 00:00:17.832000,0 days 00:00:34.693000,0 days 02:13:35.556000,0 days 02:13:53.388000,0 days 02:14:28.081000,277.0,301.0,292.0,294.0,False,HARD,21.0,True,Ferrari,0 days 02:13:07.054000,,1,2.0,False,,False,True,2024-03,Australian Grand Prix,2024,3,2024-03-24,train
0 days 02:15:47.829000,LEC,16,0 days 00:01:19.813000,56.0,3.0,,,0 days 00:00:28.044000,0 days 00:00:17.572000,0 days 00:00:34.197000,0 days 02:14:56.125000,0 days 02:15:13.697000,0 days 02:15:47.894000,287.0,325.0,294.0,298.0,True,HARD,22.0,True,Ferrari,0 days 02:14:28.016000,,1,2.0,False,,False,True,2024-03,Australian Grand Prix,2024,3,2024-03-24,train
0 days 02:17:08.700000,LEC,16,0 days 00:01:20.871000,57.0,3.0,,,0 days 00:00:28.062000,0 days 00:00:17.781000,0 days 00:00:35.028000,0 days 02:16:15.956000,0 days 02:16:33.737000,0 days 02:17:08.765000,279.0,302.0,294.0,297.0,False,HARD,23.0,True,Ferrari,0 days 02:15:47.829000,,12,2.0,False,,False,True,2024-03,Australian Grand Prix,2024,3,2024-03-24,train
0 days 02:18:58.695000,LEC,16,0 days 00:01:49.995000,58.0,3.0,,,0 days 00:00:36.732000,0 days 00:00:29.762000,0 days 00:00:43.501000,0 days 02:17:45.497000,0 days 02:18:15.259000,0 days 02:18:58.760000,145.0,271.0,156.0,299.0,False,HARD,24.0,True,Ferrari,0 days 02:17:08.700000,,26,2.0,False,,False,False,2024-03,Australian Grand Prix,2024,3,2024-03-24,train
0 days 01:00:03.174000,HAM,44,0 days 00:01:33.688000,1.0,1.0,,,,0 days 00:00:18.674000,0 days 00:00:36.983000,,0 days 00:59:26.244000,0 days 01:00:03.352000,266.0,311.0,290.0,231.0,False,SOFT,1.0,True,Mercedes,0 days 00:58:29.232000,,1,10.0,False,,False,False,2024-03,Australian Grand Prix,2024,3,2024-03-24,train
0 days 01:01:27.229000,HAM,44,0 days 00:01:24.055000,2.0,1.0,,,0 days 00:00:29.971000,0 days 00:00:18.028000,0 days 00:00:36.056000,0 days 01:00:33.196000,0 days 01:00:51.224000,0 days 01:01:27.280000,270.0,319.0,304.0,273.0,True,SOFT,2.0,True,Mercedes,0 days 01:00:03.174000,,1,10.0,False,,False,True,2024-03,Australian Grand Prix,2024,3,2024-03-24,train
0 days 01:02:50.299000,HAM,44,0 days 00:01:23.070000,3.0,1.0,,,0 days 00:00:29.083000,0 days 00:00:18.050000,0 days 00:00:35.937000,0 days 01:01:56.363000,0 days 01:02:14.413000,0 days 01:02:50.350000,264.0,317.0,304.0,298.0,True,SOFT,3.0,True,Mercedes,0 days 01:01:27.229000,,1,10.0,False,,False,True,2024-03,Australian Grand Prix,2024,3,2024-03-24,train
0 days 01:04:13.735000,HAM,44,0 days 00:01:23.436000,4.0,1.0,,,0 days 00:00:29.088000,0 days 00:00:18.015000,0 days 00:00:36.333000,0 days 01:03:19.438000,0 days 01:03:37.453000,0 days 01:04:13.786000,270.0,322.0,303.0,303.0,False,SOFT,4.0,True,Mercedes,0 days 01:02:50.299000,,1,9.0,False,,False,True,2024-03,Australian Grand Prix,2024,3,2024-03-24,train
0 days 01:05:37.291000,HAM,44,0 days 00:01:23.556000,5.0,1.0,,,0 days 00:00:28.930000,0 days 00:00:18.561000,0 days 00:00:36.065000,0 days 01:04:42.716000,0 days 01:05:01.277000,0 days 01:05:37.342000,276.0,326.0,304.0,314.0,False,SOFT,5.0,True,Mercedes,0 days 01:04:13.735000,,1,9.0,False,,False,True,2024-03,Australian Grand Prix,2024,3,2024-03-24,train
0 days 01:07:00.456000,HAM,44,0 days 00:01:23.165000,6.0,1.0,,,0 days 00:00:29.165000,0 days 00:00:18.154000,0 days 00:00:35.846000,0 days 01:06:06.507000,0 days 01:06:24.661000,0 days 01:07:00.507000,268.0,319.0,302.0,299.0,False,SOFT,6.0,True,Mercedes,0 days 01:05:37.291000,,1,9.0,False,,False,True,2024-03,Australian Grand Prix,2024,3,2024-03-24,train
0 days 01:08:37.314000,HAM,44,0 days 00:01:36.858000,7.0,1.0,,0 days 01:08:21.933000,0 days 00:00:28.973000,0 days 00:00:17.875000,0 days 00:00:50.010000,0 days 01:07:29.480000,0 days 01:07:47.355000,0 days 01:08:37.365000,275.0,325.0,,316.0,False,SOFT,7.0,True,Mercedes,0 days 01:07:00.456000,,1,14.0,False,,False,False,2024-03,Australian Grand Prix,2024,3,2024-03-24,train
0 days 01:10:05.478000,HAM,44,0 days 00:01:28.164000,8.0,2.0,0 days 01:08:39.476000,,0 days 00:00:34.166000,0 days 00:00:18.449000,0 days 00:00:35.549000,0 days 01:09:11.531000,0 days 01:09:29.980000,0 days 01:10:05.529000,267.0,297.0,288.0,229.0,False,HARD,1.0,True,Mercedes,0 days 01:08:37.314000,,1,13.0,False,,False,False,2024-03,Australian Grand Prix,2024,3,2024-03-24,train
0 days 01:11:28.033000,HAM,44,0 days 00:01:22.555000,9.0,2.0,,,0 days 00:00:28.842000,0 days 00:00:17.977000,0 days 00:00:35.736000,0 days 01:10:34.371000,0 days 01:10:52.348000,0 days 01:11:28.084000,272.0,313.0,301.0,300.0,True,HARD,2.0,True,Mercedes,0 days 01:10:05.478000,,1,12.0,False,,False,True,2024-03,Australian Grand Prix,2024,3,2024-03-24,train
0 days 01:12:52.328000,HAM,44,0 days 00:01:24.295000,10.0,2.0,,,0 days 00:00:30.157000,0 days 00:00:18.345000,0 days 00:00:35.793000,0 days 01:11:58.241000,0 days 01:12:16.586000,0 days 01:12:52.379000,269.0,297.0,291.0,318.0,False,HARD,3.0,True,Mercedes,0 days 01:11:28.033000,,1,11.0,True,TRACK LIMITS AT TURN 2 LAP 10 ,False,True,2024-03,Australian Grand Prix,2024,3,2024-03-24,train
0 days 01:14:14.772000,HAM,44,0 days 00:01:22.444000,11.0,2.0,,,0 days 00:00:28.718000,0 days 00:00:18.168000,0 days 00:00:35.558000,0 days 01:13:21.097000,0 days 01:13:39.265000,0 days 01:14:14.823000,273.0,301.0,293.0,301.0,True,HARD,4.0,True,Mercedes,0 days 01:12:52.328000,,1,11.0,False,,False,True,2024-03,Australian Grand Prix,2024,3,2024-03-24,train
0 days 01:15:37.813000,HAM,44,0 days 00:01:23.041000,12.0,2.0,,,0 days 00:00:29.006000,0 days 00:00:18.193000,0 days 00:00:35.842000,0 days 01:14:43.829000,0 days 01:15:02.022000,0 days 01:15:37.864000,268.0,300.0,291.0,303.0,False,HARD,5.0,True,Mercedes,0 days 01:14:14.772000,,1,11.0,False,,False,True,2024-03,Australian Grand Prix,2024,3,2024-03-24,train
0 days 01:17:01.059000,HAM,44,0 days 00:01:23.246000,13.0,2.0,,,0 days 00:00:28.911000,0 days 00:00:18.146000,0 days 00:00:36.189000,0 days 01:16:06.775000,0 days 01:16:24.921000,0 days 01:17:01.110000,272.0,302.0,290.0,291.0,False,HARD,6.0,True,Mercedes,0 days 01:15:37.813000,,1,11.0,False,,False,True,2024-03,Australian Grand Prix,2024,3,2024-03-24,train
0 days 01:18:23.771000,HAM,44,0 days 00:01:22.712000,14.0,2.0,,,0 days 00:00:28.876000,0 days 00:00:18.088000,0 days 00:00:35.748000,0 days 01:17:29.986000,0 days 01:17:48.074000,0 days 01:18:23.822000,273.0,302.0,291.0,293.0,False,HARD,7.0,True,Mercedes,0 days 01:17:01.059000,,1,11.0,False,,False,True,2024-03,Australian Grand Prix,2024,3,2024-03-24,train
0 days 01:19:47.912000,HAM,44,0 days 00:01:24.141000,15.0,2.0,,,0 days 00:00:29.861000,0 days 00:00:17.993000,0 days 00:00:36.287000,0 days 01:18:53.683000,0 days 01:19:11.676000,0 days 01:19:47.963000,273.0,319.0,294.0,307.0,False,HARD,8.0,True,Mercedes,0 days 01:18:23.771000,,1,11.0,False,,False,True,2024-03,Australian Grand Prix,2024,3,2024-03-24,train
0 days 01:22:17.912000,HAM,44,,16.0,2.0,,,,,,,,,,,,,,HARD,9.0,True,Mercedes,0 days 01:19:47.912000,,126,,False,,True,False,2024-03,Australian Grand Prix,2024,3,2024-03-24,train
0 days 00:59:57.861000,SAI,55,0 days 00:01:28.375000,1.0,1.0,,,,0 days 00:00:18.533000,0 days 00:00:35.573000,,0 days 00:59:22.453000,0 days 00:59:57.933000,269.0,293.0,288.0,242.0,False,MEDIUM,1.0,True,Ferrari,0 days 00:58:29.232000,,1,2.0,False,,False,False,2024-03,Australian Grand Prix,2024,3,2024-03-24,train
0 days 01:01:20.461000,SAI,55,0 days 00:01:22.600000,2.0,1.0,,,0 days 00:00:29.006000,0 days 00:00:18.026000,0 days 00:00:35.568000,0 days 01:00:26.928000,0 days 01:00:44.954000,0 days 01:01:20.522000,277.0,320.0,286.0,302.0,True,MEDIUM,2.0,True,Ferrari,0 days 00:59:57.861000,,1,1.0,False,,False,True,2024-03,Australian Grand Prix,2024,3,2024-03-24,train
0 days 01:02:43.467000,SAI,55,0 days 00:01:23.006000,3.0,1.0,,,0 days 00:00:29.002000,0 days 00:00:18.548000,0 days 00:00:35.456000,0 days 01:01:49.524000,0 days 01:02:08.072000,0 days 01:02:43.528000,266.0,288.0,287.0,285.0,False,MEDIUM,3.0,True,Ferrari,0 days 01:01:20.461000,,1,1.0,False,,False,True,2024-03,Australian Grand Prix,2024,3,2024-03-24,train
0 days 01:04:05.900000,SAI,55,0 days 00:01:22.433000,4.0,1.0,,,0 days 00:00:28.643000,0 days 00:00:18.497000,0 days 00:00:35.293000,0 days 01:03:12.171000,0 days 01:03:30.668000,0 days 01:04:05.961000,270.0,291.0,286.0,287.0,True,MEDIUM,4.0,True,Ferrari,0 days 01:02:43.467000,,1,1.0,False,,False,True,2024-03,Australian Grand Prix,2024,3,2024-03-24,train
0 days 01:05:28.529000,SAI,55,0 days 00:01:22.629000,5.0,1.0,,,0 days 00:00:28.705000,0 days 00:00:18.504000,0 days 00:00:35.420000,0 days 01:04:34.666000,0 days 01:04:53.170000,0 days 01:05:28.590000,270.0,292.0,287.0,287.0,False,MEDIUM,5.0,True,Ferrari,0 days 01:04:05.900000,,1,1.0,False,,False,True,2024-03,Australian Grand Prix,2024,3,2024-03-24,train
0 days 01:06:51.101000,SAI,55,0 days 00:01:22.572000,6.0,1.0,,,0 days 00:00:28.648000,0 days 00:00:18.453000,0 days 00:00:35.471000,0 days 01:05:57.238000,0 days 01:06:15.691000,0 days 01:06:51.162000,270.0,293.0,287.0,289.0,False,MEDIUM,6.0,True,Ferrari,0 days 01:05:28.529000,,1,1.0,False,,False,True,2024-03,Australian Grand Prix,2024,3,2024-03-24,train
0 days 01:08:13.535000,SAI,55,0 days 00:01:22.434000,7.0,1.0,,,0 days 00:00:28.670000,0 days 00:00:18.462000,0 days 00:00:35.302000,0 days 01:07:19.832000,0 days 01:07:38.294000,0 days 01:08:13.596000,272.0,295.0,287.0,290.0,False,MEDIUM,7.0,True,Ferrari,0 days 01:06:51.101000,,1,1.0,False,,False,True,2024-03,Australian Grand Prix,2024,3,2024-03-24,train
0 days 01:09:35.838000,SAI,55,0 days 00:01:22.303000,8.0,1.0,,,0 days 00:00:28.562000,0 days 00:00:18.397000,0 days 00:00:35.344000,0 days 01:08:42.158000,0 days 01:09:00.555000,0 days 01:09:35.899000,274.0,296.0,287.0,291.0,True,MEDIUM,8.0,True,Ferrari,0 days 01:08:13.535000,,1,1.0,False,,False,True,2024-03,Australian Grand Prix,2024,3,2024-03-24,train
0 days 01:10:57.863000,SAI,55,0 days 00:01:22.025000,9.0,1.0,,,0 days 00:00:28.594000,0 days 00:00:18.290000,0 days 00:00:35.141000,0 days 01:10:04.493000,0 days 01:10:22.783000,0 days 01:10:57.924000,273.0,295.0,288.0,290.0,True,MEDIUM,9.0,True,Ferrari,0 days 01:09:35.838000,,1,1.0,False,,False,True,2024-03,Australian Grand Prix,2024,3,2024-03-24,train
0 days 01:12:19.578000,SAI,55,0 days 00:01:21.715000,10.0,1.0,,,0 days 00:00:28.426000,0 days 00:00:18.281000,0 days 00:00:35.008000,0 days 01:11:26.350000,0 days 01:11:44.631000,0 days 01:12:19.639000,274.0,295.0,289.0,291.0,True,MEDIUM,10.0,True,Ferrari,0 days 01:10:57.863000,,1,1.0,False,,False,True,2024-03,Australian Grand Prix,2024,3,2024-03-24,train
0 days 01:13:41.516000,SAI,55,0 days 00:01:21.938000,11.0,1.0,,,0 days 00:00:28.460000,0 days 00:00:18.272000,0 days 00:00:35.206000,0 days 01:12:48.099000,0 days 01:13:06.371000,0 days 01:13:41.577000,275.0,299.0,288.0,294.0,False,MEDIUM,11.0,True,Ferrari,0 days 01:12:19.578000,,1,1.0,False,,False,True,2024-03,Australian Grand Prix,2024,3,2024-03-24,train
0 days 01:15:03.691000,SAI,55,0 days 00:01:22.175000,12.0,1.0,,,0 days 00:00:28.592000,0 days 00:00:18.284000,0 days 00:00:35.299000,0 days 01:14:10.169000,0 days 01:14:28.453000,0 days 01:15:03.752000,273.0,297.0,287.0,291.0,False,MEDIUM,12.0,True,Ferrari,0 days 01:13:41.516000,,1,1.0,False,,False,True,2024-03,Australian Grand Prix,2024,3,2024-03-24,train
0 days 01:16:25.896000,SAI,55,0 days 00:01:22.205000,13.0,1.0,,,0 days 00:00:28.595000,0 days 00:00:18.317000,0 days 00:00:35.293000,0 days 01:15:32.347000,0 days 01:15:50.664000,0 days 01:16:25.957000,273.0,297.0,288.0,291.0,False,MEDIUM,13.0,True,Ferrari,0 days 01:15:03.691000,,1,1.0,False,,False,True,2024-03,Australian Grand Prix,2024,3,2024-03-24,train
0 days 01:17:48.383000,SAI,55,0 days 00:01:22.487000,14.0,1.0,,,0 days 00:00:28.815000,0 days 00:00:18.261000,0 days 00:00:35.411000,0 days 01:16:54.772000,0 days 01:17:13.033000,0 days 01:17:48.444000,272.0,302.0,287.0,290.0,False,MEDIUM,14.0,True,Ferrari,0 days 01:16:25.896000,,1,1.0,False,,False,True,2024-03,Australian Grand Prix,2024,3,2024-03-24,train
0 days 01:19:11.003000,SAI,55,0 days 00:01:22.620000,15.0,1.0,,,0 days 00:00:28.688000,0 days 00:00:18.274000,0 days 00:00:35.658000,0 days 01:18:17.132000,0 days 01:18:35.406000,0 days 01:19:11.064000,273.0,302.0,286.0,289.0,False,MEDIUM,15.0,True,Ferrari,0 days 01:17:48.383000,,1,1.0,False,,False,True,2024-03,Australian Grand Prix,2024,3,2024-03-24,train
0 days 01:20:47.313000,SAI,55,0 days 00:01:36.310000,16.0,1.0,,0 days 01:20:31.925000,0 days 00:00:28.715000,0 days 00:00:18.274000,0 days 00:00:49.321000,0 days 01:19:39.779000,0 days 01:19:58.053000,0 days 01:20:47.374000,278.0,301.0,,295.0,False,MEDIUM,16.0,True,Ferrari,0 days 01:19:11.003000,,1,1.0,False,,False,False,2024-03,Australian Grand Prix,2024,3,2024-03-24,train
0 days 01:22:31.078000,SAI,55,0 days 00:01:43.765000,17.0,2.0,0 days 01:20:49.444000,,0 days 00:00:34.907000,0 days 00:00:18.380000,0 days 00:00:50.478000,0 days 01:21:22.281000,0 days 01:21:40.661000,0 days 01:22:31.139000,279.0,315.0,233.0,233.0,False,HARD,1.0,True,Ferrari,0 days 01:20:47.313000,,126,1.0,False,,False,False,2024-03,Australian Grand Prix,2024,3,2024-03-24,train
0 days 01:24:01.008000,SAI,55,0 days 00:01:29.930000,18.0,2.0,,,0 days 00:00:36.108000,0 days 00:00:18.529000,0 days 00:00:35.293000,0 days 01:23:07.247000,0 days 01:23:25.776000,0 days 01:24:01.069000,271.0,289.0,288.0,253.0,False,HARD,2.0,True,Ferrari,0 days 01:22:31.078000,,671,1.0,False,,False,False,2024-03,Australian Grand Prix,2024,3,2024-03-24,train
0 days 01:25:22.819000,SAI,55,0 days 00:01:21.811000,19.0,2.0,,,0 days 00:00:28.284000,0 days 00:00:18.342000,0 days 00:00:35.185000,0 days 01:24:29.353000,0 days 01:24:47.695000,0 days 01:25:22.880000,273.0,293.0,288.0,288.0,False,HARD,3.0,True,Ferrari,0 days 01:24:01.008000,,1,1.0,False,,False,True,2024-03,Australian Grand Prix,2024,3,2024-03-24,train
0 days 01:26:44.421000,SAI,55,0 days 00:01:21.602000,20.0,2.0,,,0 days 00:00:28.321000,0 days 00:00:18.274000,0 days 00:00:35.007000,0 days 01:25:51.201000,0 days 01:26:09.475000,0 days 01:26:44.482000,274.0,294.0,288.0,290.0,True,HARD,4.0,True,Ferrari,0 days 01:25:22.819000,,1,1.0,False,,False,True,2024-03,Australian Grand Prix,2024,3,2024-03-24,train
0 days 01:28:06.352000,SAI,55,0 days 00:01:21.931000,21.0,2.0,,,0 days 00:00:28.376000,0 days 00:00:18.292000,0 days 00:00:35.263000,0 days 01:27:12.858000,0 days 01:27:31.150000,0 days 01:28:06.413000,273.0,294.0,287.0,289.0,False,HARD,5.0,True,Ferrari,0 days 01:26:44.421000,,1,1.0,False,,False,True,2024-03,Australian Grand Prix,2024,3,2024-03-24,train
0 days 01:29:27.823000,SAI,55,0 days 00:01:21.471000,22.0,2.0,,,0 days 00:00:28.277000,0 days 00:00:18.216000,0 days 00:00:34.978000,0 days 01:28:34.690000,0 days 01:28:52.906000,0 days 01:29:27.884000,277.0,300.0,288.0,293.0,True,HARD,6.0,True,Ferrari,0 days 01:28:06.352000,,1,1.0,False,,False,True,2024-03,Australian Grand Prix,2024,3,2024-03-24,train
0 days 01:30:49.354000,SAI,55,0 days 00:01:21.531000,23.0,2.0,,,0 days 00:00:28.345000,0 days 00:00:18.162000,0 days 00:00:35.024000,0 days 01:29:56.229000,0 days 01:30:14.391000,0 days 01:30:49.415000,273.0,297.0,288.0,290.0,False,HARD,7.0,True,Ferrari,0 days 01:29:27.823000,,1,1.0,False,,False,True,2024-03,Australian Grand Prix,2024,3,2024-03-24,train
0 days 01:32:10.812000,SAI,55,0 days 00:01:21.458000,24.0,2.0,,,0 days 00:00:28.329000,0 days 00:00:18.173000,0 days 00:00:34.956000,0 days 01:31:17.744000,0 days 01:31:35.917000,0 days 01:32:10.873000,274.0,296.0,288.0,288.0,True,HARD,8.0,True,Ferrari,0 days 01:30:49.354000,,1,1.0,False,,False,True,2024-03,Australian Grand Prix,2024,3,2024-03-24,train
0 days 01:33:32.055000,SAI,55,0 days 00:01:21.243000,25.0,2.0,,,0 days 00:00:28.229000,0 days 00:00:18.081000,0 days 00:00:34.933000,0 days 01:32:39.102000,0 days 01:32:57.183000,0 days 01:33:32.116000,273.0,296.0,288.0,288.0,True,HARD,9.0,True,Ferrari,0 days 01:32:10.812000,,1,1.0,False,,False,True,2024-03,Australian Grand Prix,2024,3,2024-03-24,train
0 days 01:34:53.133000,SAI,55,0 days 00:01:21.078000,26.0,2.0,,,0 days 00:00:28.144000,0 days 00:00:18.086000,0 days 00:00:34.848000,0 days 01:34:00.260000,0 days 01:34:18.346000,0 days 01:34:53.194000,275.0,295.0,289.0,290.0,True,HARD,10.0,True,Ferrari,0 days 01:33:32.055000,,1,1.0,False,,False,True,2024-03,Australian Grand Prix,2024,3,2024-03-24,train
0 days 01:36:14.590000,SAI,55,0 days 00:01:21.457000,27.0,2.0,,,0 days 00:00:28.388000,0 days 00:00:18.153000,0 days 00:00:34.916000,0 days 01:35:21.582000,0 days 01:35:39.735000,0 days 01:36:14.651000,276.0,297.0,288.0,293.0,False,HARD,11.0,True,Ferrari,0 days 01:34:53.133000,,1,1.0,False,,False,True,2024-03,Australian Grand Prix,2024,3,2024-03-24,train
0 days 01:37:36.030000,SAI,55,0 days 00:01:21.440000,28.0,2.0,,,0 days 00:00:28.279000,0 days 00:00:18.153000,0 days 00:00:35.008000,0 days 01:36:42.930000,0 days 01:37:01.083000,0 days 01:37:36.091000,274.0,294.0,289.0,290.0,False,HARD,12.0,True,Ferrari,0 days 01:36:14.590000,,1,1.0,False,,False,True,2024-03,Australian Grand Prix,2024,3,2024-03-24,train
0 days 01:38:57.519000,SAI,55,0 days 00:01:21.489000,29.0,2.0,,,0 days 00:00:28.336000,0 days 00:00:18.131000,0 days 00:00:35.022000,0 days 01:38:04.427000,0 days 01:38:22.558000,0 days 01:38:57.580000,278.0,299.0,289.0,292.0,False,HARD,13.0,True,Ferrari,0 days 01:37:36.030000,,1,1.0,False,,False,True,2024-03,Australian Grand Prix,2024,3,2024-03-24,train
0 days 01:40:19.142000,SAI,55,0 days 00:01:21.623000,30.0,2.0,,,0 days 00:00:28.468000,0 days 00:00:18.196000,0 days 00:00:34.959000,0 days 01:39:26.048000,0 days 01:39:44.244000,0 days 01:40:19.203000,274.0,296.0,289.0,289.0,False,HARD,14.0,True,Ferrari,0 days 01:38:57.519000,,1,1.0,False,,False,True,2024-03,Australian Grand Prix,2024,3,2024-03-24,train
0 days 01:41:40.424000,SAI,55,0 days 00:01:21.282000,31.0,2.0,,,0 days 00:00:28.215000,0 days 00:00:18.059000,0 days 00:00:35.008000,0 days 01:40:47.418000,0 days 01:41:05.477000,0 days 01:41:40.485000,276.0,300.0,289.0,291.0,False,HARD,15.0,True,Ferrari,0 days 01:40:19.142000,,1,1.0,False,,False,True,2024-03,Australian Grand Prix,2024,3,2024-03-24,train
0 days 01:43:01.629000,SAI,55,0 days 00:01:21.205000,32.0,2.0,,,0 days 00:00:28.209000,0 days 00:00:18.107000,0 days 00:00:34.889000,0 days 01:42:08.694000,0 days 01:42:26.801000,0 days 01:43:01.690000,278.0,300.0,289.0,293.0,False,HARD,16.0,True,Ferrari,0 days 01:41:40.424000,,1,1.0,False,,False,True,2024-03,Australian Grand Prix,2024,3,2024-03-24,train
0 days 01:44:23.124000,SAI,55,0 days 00:01:21.495000,33.0,2.0,,,0 days 00:00:28.398000,0 days 00:00:18.086000,0 days 00:00:35.011000,0 days 01:43:30.088000,0 days 01:43:48.174000,0 days 01:44:23.185000,275.0,296.0,290.0,290.0,False,HARD,17.0,True,Ferrari,0 days 01:43:01.629000,,1,1.0,False,,False,True,2024-03,Australian Grand Prix,2024,3,2024-03-24,train
0 days 01:45:44.841000,SAI,55,0 days 00:01:21.717000,34.0,2.0,,,0 days 00:00:28.512000,0 days 00:00:18.103000,0 days 00:00:35.102000,0 days 01:44:51.697000,0 days 01:45:09.800000,0 days 01:45:44.902000,276.0,303.0,289.0,295.0,False,HARD,18.0,True,Ferrari,0 days 01:44:23.124000,,1,1.0,False,,False,True,2024-03,Australian Grand Prix,2024,3,2024-03-24,train
0 days 01:47:06.562000,SAI,55,0 days 00:01:21.721000,35.0,2.0,,,0 days 00:00:28.432000,0 days 00:00:18.105000,0 days 00:00:35.184000,0 days 01:46:13.334000,0 days 01:46:31.439000,0 days 01:47:06.623000,277.0,303.0,291.0,293.0,False,HARD,19.0,True,Ferrari,0 days 01:45:44.841000,,1,1.0,False,,False,True,2024-03,Australian Grand Prix,2024,3,2024-03-24,train
0 days 01:48:28.580000,SAI,55,0 days 00:01:22.018000,36.0,2.0,,,0 days 00:00:28.557000,0 days 00:00:18.086000,0 days 00:00:35.375000,0 days 01:47:35.180000,0 days 01:47:53.266000,0 days 01:48:28.641000,275.0,306.0,292.0,294.0,False,HARD,20.0,True,Ferrari,0 days 01:47:06.562000,,1,1.0,False,,False,True,2024-03,Australian Grand Prix,2024,3,2024-03-24,train
0 days 01:49:50.551000,SAI,55,0 days 00:01:21.971000,37.0,2.0,,,0 days 00:00:28.542000,0 days 00:00:18.047000,0 days 00:00:35.382000,0 days 01:48:57.183000,0 days 01:49:15.230000,0 days 01:49:50.612000,281.0,310.0,289.0,301.0,False,HARD,21.0,True,Ferrari,0 days 01:48:28.580000,,1,1.0,False,,False,True,2024-03,Australian Grand Prix,2024,3,2024-03-24,train
0 days 01:51:11.963000,SAI,55,0 days 00:01:21.412000,38.0,2.0,,,0 days 00:00:28.380000,0 days 00:00:18.048000,0 days 00:00:34.984000,0 days 01:50:18.992000,0 days 01:50:37.040000,0 days 01:51:12.024000,281.0,307.0,291.0,296.0,False,HARD,22.0,True,Ferrari,0 days 01:49:50.551000,,1,1.0,False,,False,True,2024-03,Australian Grand Prix,2024,3,2024-03-24,train
0 days 01:52:33.517000,SAI,55,0 days 00:01:21.554000,39.0,2.0,,,0 days 00:00:28.367000,0 days 00:00:18.153000,0 days 00:00:35.034000,0 days 01:51:40.391000,0 days 01:51:58.544000,0 days 01:52:33.578000,275.0,301.0,290.0,292.0,False,HARD,23.0,True,Ferrari,0 days 01:51:11.963000,,1,1.0,False,,False,True,2024-03,Australian Grand Prix,2024,3,2024-03-24,train
0 days 01:53:54.960000,SAI,55,0 days 00:01:21.443000,40.0,2.0,,,0 days 00:00:28.400000,0 days 00:00:18.024000,0 days 00:00:35.019000,0 days 01:53:01.978000,0 days 01:53:20.002000,0 days 01:53:55.021000,275.0,301.0,291.0,292.0,False,HARD,24.0,True,Ferrari,0 days 01:52:33.517000,,1,1.0,False,,False,True,2024-03,Australian Grand Prix,2024,3,2024-03-24,train
0 days 01:55:30.470000,SAI,55,0 days 00:01:35.510000,41.0,2.0,,0 days 01:55:14.881000,0 days 00:00:28.241000,0 days 00:00:18.016000,0 days 00:00:49.253000,0 days 01:54:23.262000,0 days 01:54:41.278000,0 days 01:55:30.531000,280.0,306.0,,297.0,False,HARD,25.0,True,Ferrari,0 days 01:53:54.960000,,1,1.0,False,,False,False,2024-03,Australian Grand Prix,2024,3,2024-03-24,train
0 days 01:56:57.685000,SAI,55,0 days 00:01:27.215000,42.0,3.0,0 days 01:55:32.586000,,0 days 00:00:33.986000,0 days 00:00:18.315000,0 days 00:00:34.914000,0 days 01:56:04.517000,0 days 01:56:22.832000,0 days 01:56:57.746000,268.0,295.0,290.0,235.0,False,HARD,1.0,True,Ferrari,0 days 01:55:30.470000,,1,1.0,False,,False,False,2024-03,Australian Grand Prix,2024,3,2024-03-24,train
0 days 01:58:18.415000,SAI,55,0 days 00:01:20.730000,43.0,3.0,,,0 days 00:00:27.993000,0 days 00:00:18.040000,0 days 00:00:34.697000,0 days 01:57:25.739000,0 days 01:57:43.779000,0 days 01:58:18.476000,275.0,295.0,290.0,290.0,True,HARD,2.0,True,Ferrari,0 days 01:56:57.685000,,1,1.0,False,,False,True,2024-03,Australian Grand Prix,2024,3,2024-03-24,train
0 days 01:59:39.182000,SAI,55,0 days 00:01:20.767000,44.0,3.0,,,0 days 00:00:28.014000,0 days 00:00:18.073000,0 days 00:00:34.680000,0 days 01:58:46.490000,0 days 01:59:04.563000,0 days 01:59:39.243000,274.0,295.0,290.0,290.0,False,HARD,3.0,True,Ferrari,0 days 01:58:18.415000,,1,1.0,False,,False,True,2024-03,Australian Grand Prix,2024,3,2024-03-24,train
0 days 02:00:59.405000,SAI,55,0 days 00:01:20.223000,45.0,3.0,,,0 days 00:00:27.853000,0 days 00:00:17.961000,0 days 00:00:34.409000,0 days 02:00:07.096000,0 days 02:00:25.057000,0 days 02:00:59.466000,276.0,297.0,291.0,292.0,True,HARD,4.0,True,Ferrari,0 days 01:59:39.182000,,1,1.0,False,,False,True,2024-03,Australian Grand Prix,2024,3,2024-03-24,train
0 days 02:02:19.779000,SAI,55,0 days 00:01:20.374000,46.0,3.0,,,0 days 00:00:27.945000,0 days 00:00:17.998000,0 days 00:00:34.431000,0 days 02:01:27.411000,0 days 02:01:45.409000,0 days 02:02:19.840000,275.0,295.0,291.0,291.0,False,HARD,5.0,True,Ferrari,0 days 02:00:59.405000,,1,1.0,False,,False,True,2024-03,Australian Grand Prix,2024,3,2024-03-24,train
0 days 02:03:39.982000,SAI,55,0 days 00:01:20.203000,47.0,3.0,,,0 days 00:00:27.870000,0 days 00:00:17.958000,0 days 00:00:34.375000,0 days 02:02:47.710000,0 days 02:03:05.668000,0 days 02:03:40.043000,276.0,297.0,291.0,292.0,True,HARD,6.0,True,Ferrari,0 days 02:02:19.779000,,1,1.0,False,,False,True,2024-03,Australian Grand Prix,2024,3,2024-03-24,train
0 days 02:05:00.013000,SAI,55,0 days 00:01:20.031000,48.0,3.0,,,0 days 00:00:27.935000,0 days 00:00:17.884000,0 days 00:00:34.212000,0 days 02:04:07.978000,0 days 02:04:25.862000,0 days 02:05:00.074000,277.0,298.0,291.0,292.0,True,HARD,7.0,True,Ferrari,0 days 02:03:39.982000,,1,1.0,False,,False,True,2024-03,Australian Grand Prix,2024,3,2024-03-24,train
0 days 02:06:20.294000,SAI,55,0 days 00:01:20.281000,49.0,3.0,,,0 days 00:00:28.046000,0 days 00:00:17.897000,0 days 00:00:34.338000,0 days 02:05:28.120000,0 days 02:05:46.017000,0 days 02:06:20.355000,277.0,298.0,292.0,289.0,False,HARD,8.0,True,Ferrari,0 days 02:05:00.013000,,1,1.0,False,,False,True,2024-03,Australian Grand Prix,2024,3,2024-03-24,train
0 days 02:07:40.744000,SAI,55,0 days 00:01:20.450000,50.0,3.0,,,0 days 00:00:28.157000,0 days 00:00:17.919000,0 days 00:00:34.374000,0 days 02:06:48.512000,0 days 02:07:06.431000,0 days 02:07:40.805000,277.0,298.0,292.0,286.0,False,HARD,9.0,True,Ferrari,0 days 02:06:20.294000,,1,1.0,False,,False,True,2024-03,Australian Grand Prix,2024,3,2024-03-24,train
0 days 02:09:00.827000,SAI,55,0 days 00:01:20.083000,51.0,3.0,,,0 days 00:00:27.905000,0 days 00:00:17.821000,0 days 00:00:34.357000,0 days 02:08:08.710000,0 days 02:08:26.531000,0 days 02:09:00.888000,279.0,301.0,292.0,292.0,False,HARD,10.0,True,Ferrari,0 days 02:07:40.744000,,1,1.0,False,,False,True,2024-03,Australian Grand Prix,2024,3,2024-03-24,train
0 days 02:10:21.036000,SAI,55,0 days 00:01:20.209000,52.0,3.0,,,0 days 00:00:27.963000,0 days 00:00:17.912000,0 days 00:00:34.334000,0 days 02:09:28.851000,0 days 02:09:46.763000,0 days 02:10:21.097000,279.0,301.0,292.0,293.0,False,HARD,11.0,True,Ferrari,0 days 02:09:00.827000,,1,1.0,False,,False,True,2024-03,Australian Grand Prix,2024,3,2024-03-24,train
0 days 02:11:41.651000,SAI,55,0 days 00:01:20.615000,53.0,3.0,,,0 days 00:00:27.962000,0 days 00:00:17.926000,0 days 00:00:34.727000,0 days 02:10:49.059000,0 days 02:11:06.985000,0 days 02:11:41.712000,278.0,305.0,291.0,292.0,False,HARD,12.0,True,Ferrari,0 days 02:10:21.036000,,1,1.0,False,,False,True,2024-03,Australian Grand Prix,2024,3,2024-03-24,train
0 days 02:13:02.233000,SAI,55,0 days 00:01:20.582000,54.0,3.0,,,0 days 00:00:28.193000,0 days 00:00:17.922000,0 days 00:00:34.467000,0 days 02:12:09.905000,0 days 02:12:27.827000,0 days 02:13:02.294000,278.0,302.0,293.0,297.0,False,HARD,13.0,True,Ferrari,0 days 02:11:41.651000,,1,1.0,False,,False,True,2024-03,Australian Grand Prix,2024,3,2024-03-24,train
0 days 02:14:22.986000,SAI,55,0 days 00:01:20.753000,55.0,3.0,,,0 days 00:00:28.132000,0 days 00:00:17.897000,0 days 00:00:34.724000,0 days 02:13:30.426000,0 days 02:13:48.323000,0 days 02:14:23.047000,285.0,298.0,291.0,292.0,False,HARD,14.0,True,Ferrari,0 days 02:13:02.233000,,1,1.0,False,,False,True,2024-03,Australian Grand Prix,2024,3,2024-03-24,train
0 days 02:15:44.084000,SAI,55,0 days 00:01:21.098000,56.0,3.0,,,0 days 00:00:28.091000,0 days 00:00:18,0 days 00:00:35.007000,0 days 02:14:51.138000,0 days 02:15:09.138000,0 days 02:15:44.145000,276.0,299.0,291.0,292.0,False,HARD,15.0,True,Ferrari,0 days 02:14:22.986000,,1,1.0,False,,False,True,2024-03,Australian Grand Prix,2024,3,2024-03-24,train
0 days 02:17:04.966000,SAI,55,0 days 00:01:20.882000,57.0,3.0,,,0 days 00:00:28.011000,0 days 00:00:18.062000,0 days 00:00:34.809000,0 days 02:16:12.156000,0 days 02:16:30.218000,0 days 02:17:05.027000,279.0,300.0,292.0,293.0,False,HARD,16.0,True,Ferrari,0 days 02:15:44.084000,,1,1.0,False,,False,True,2024-03,Australian Grand Prix,2024,3,2024-03-24,train
0 days 02:18:56.329000,SAI,55,0 days 00:01:51.363000,58.0,3.0,,,0 days 00:00:35.021000,0 days 00:00:33.818000,0 days 00:00:42.524000,0 days 02:17:40.048000,0 days 02:18:13.866000,0 days 02:18:56.390000,185.0,272.0,175.0,304.0,False,HARD,17.0,True,Ferrari,0 days 02:17:04.966000,,126,1.0,False,,False,False,2024-03,Australian Grand Prix,2024,3,2024-03-24,train
0 days 01:00:01.396000,RUS,63,0 days 00:01:31.910000,1.0,1.0,,,,0 days 00:00:18.460000,0 days 00:00:36.821000,,0 days 00:59:24.741000,0 days 01:00:01.524000,275.0,304.0,289.0,235.0,False,MEDIUM,1.0,True,Mercedes,0 days 00:58:29.232000,,1,6.0,False,,False,False,2024-03,Australian Grand Prix,2024,3,2024-03-24,train
0 days 01:01:24.743000,RUS,63,0 days 00:01:23.347000,2.0,1.0,,,0 days 00:00:29.070000,0 days 00:00:18.099000,0 days 00:00:36.178000,0 days 01:00:30.495000,0 days 01:00:48.594000,0 days 01:01:24.772000,273.0,320.0,301.0,300.0,True,MEDIUM,2.0,True,Mercedes,0 days 01:00:01.396000,,1,6.0,False,,False,True,2024-03,Australian Grand Prix,2024,3,2024-03-24,train
0 days 01:02:47.780000,RUS,63,0 days 00:01:23.037000,3.0,1.0,,,0 days 00:00:28.745000,0 days 00:00:18.137000,0 days 00:00:36.155000,0 days 01:01:53.517000,0 days 01:02:11.654000,0 days 01:02:47.809000,274.0,316.0,292.0,308.0,True,MEDIUM,3.0,True,Mercedes,0 days 01:01:24.743000,,1,6.0,False,,False,True,2024-03,Australian Grand Prix,2024,3,2024-03-24,train
0 days 01:04:11.351000,RUS,63,0 days 00:01:23.571000,4.0,1.0,,,0 days 00:00:28.894000,0 days 00:00:18.318000,0 days 00:00:36.359000,0 days 01:03:16.703000,0 days 01:03:35.021000,0 days 01:04:11.380000,270.0,304.0,289.0,293.0,False,MEDIUM,4.0,True,Mercedes,0 days 01:02:47.780000,,1,5.0,False,,False,True,2024-03,Australian Grand Prix,2024,3,2024-03-24,train
0 days 01:05:34.523000,RUS,63,0 days 00:01:23.172000,5.0,1.0,,,0 days 00:00:28.763000,0 days 00:00:18.297000,0 days 00:00:36.112000,0 days 01:04:40.143000,0 days 01:04:58.440000,0 days 01:05:34.552000,275.0,307.0,290.0,291.0,False,MEDIUM,5.0,True,Mercedes,0 days 01:04:11.351000,,1,5.0,False,,False,True,2024-03,Australian Grand Prix,2024,3,2024-03-24,train
0 days 01:06:57.642000,RUS,63,0 days 00:01:23.119000,6.0,1.0,,,0 days 00:00:28.725000,0 days 00:00:18.354000,0 days 00:00:36.040000,0 days 01:06:03.277000,0 days 01:06:21.631000,0 days 01:06:57.671000,271.0,296.0,290.0,299.0,False,MEDIUM,6.0,True,Mercedes,0 days 01:05:34.523000,,1,5.0,False,,False,True,2024-03,Australian Grand Prix,2024,3,2024-03-24,train
0 days 01:08:20.406000,RUS,63,0 days 00:01:22.764000,7.0,1.0,,,0 days 00:00:28.797000,0 days 00:00:18.279000,0 days 00:00:35.688000,0 days 01:07:26.468000,0 days 01:07:44.747000,0 days 01:08:20.435000,279.0,299.0,290.0,293.0,True,MEDIUM,7.0,True,Mercedes,0 days 01:06:57.642000,,1,5.0,False,,False,True,2024-03,Australian Grand Prix,2024,3,2024-03-24,train
0 days 01:09:57.326000,RUS,63,0 days 00:01:36.920000,8.0,1.0,,0 days 01:09:41.471000,0 days 00:00:28.679000,0 days 00:00:18.251000,0 days 00:00:49.990000,0 days 01:08:49.114000,0 days 01:09:07.365000,0 days 01:09:57.355000,277.0,306.0,,304.0,False,MEDIUM,8.0,True,Mercedes,0 days 01:08:20.406000,,1,11.0,False,,False,False,2024-03,Australian Grand Prix,2024,3,2024-03-24,train
0 days 01:11:25.657000,RUS,63,0 days 00:01:28.331000,9.0,2.0,0 days 01:09:59.414000,,0 days 00:00:34.115000,0 days 00:00:18.468000,0 days 00:00:35.748000,0 days 01:10:31.470000,0 days 01:10:49.938000,0 days 01:11:25.686000,270.0,298.0,289.0,230.0,False,HARD,1.0,True,Mercedes,0 days 01:09:57.326000,,1,10.0,False,,False,False,2024-03,Australian Grand Prix,2024,3,2024-03-24,train
0 days 01:12:48.394000,RUS,63,0 days 00:01:22.737000,10.0,2.0,,,0 days 00:00:28.814000,0 days 00:00:18.308000,0 days 00:00:35.615000,0 days 01:11:54.500000,0 days 01:12:12.808000,0 days 01:12:48.423000,267.0,296.0,290.0,295.0,True,HARD,2.0,True,Mercedes,0 days 01:11:25.657000,,1,9.0,False,,False,True,2024-03,Australian Grand Prix,2024,3,2024-03-24,train
0 days 01:14:11.110000,RUS,63,0 days 00:01:22.716000,11.0,2.0,,,0 days 00:00:28.731000,0 days 00:00:18.303000,0 days 00:00:35.682000,0 days 01:13:17.154000,0 days 01:13:35.457000,0 days 01:14:11.139000,269.0,299.0,293.0,294.0,True,HARD,3.0,True,Mercedes,0 days 01:12:48.394000,,1,9.0,False,,False,True,2024-03,Australian Grand Prix,2024,3,2024-03-24,train
0 days 01:15:34.132000,RUS,63,0 days 00:01:23.022000,12.0,2.0,,,0 days 00:00:28.851000,0 days 00:00:18.243000,0 days 00:00:35.928000,0 days 01:14:39.990000,0 days 01:14:58.233000,0 days 01:15:34.161000,269.0,300.0,291.0,301.0,False,HARD,4.0,True,Mercedes,0 days 01:14:11.110000,,1,9.0,False,,False,True,2024-03,Australian Grand Prix,2024,3,2024-03-24,train
0 days 01:16:57.570000,RUS,63,0 days 00:01:23.438000,13.0,2.0,,,0 days 00:00:28.946000,0 days 00:00:18.222000,0 days 00:00:36.270000,0 days 01:16:03.107000,0 days 01:16:21.329000,0 days 01:16:57.599000,269.0,303.0,292.0,298.0,False,HARD,5.0,True,Mercedes,0 days 01:15:34.132000,,1,9.0,False,,False,True,2024-03,Australian Grand Prix,2024,3,2024-03-24,train
0 days 01:18:20.960000,RUS,63,0 days 00:01:23.390000,14.0,2.0,,,0 days 00:00:29.168000,0 days 00:00:17.923000,0 days 00:00:36.299000,0 days 01:17:26.767000,0 days 01:17:44.690000,0 days 01:18:20.989000,280.0,321.0,303.0,299.0,False,HARD,6.0,True,Mercedes,0 days 01:16:57.570000,,1,9.0,False,,False,True,2024-03,Australian Grand Prix,2024,3,2024-03-24,train
0 days 01:19:45.046000,RUS,63,0 days 00:01:24.086000,15.0,2.0,,,0 days 00:00:29.392000,0 days 00:00:18.140000,0 days 00:00:36.554000,0 days 01:18:50.381000,0 days 01:19:08.521000,0 days 01:19:45.075000,278.0,327.0,303.0,302.0,False,HARD,7.0,True,Mercedes,0 days 01:18:20.960000,,1,8.0,False,,False,True,2024-03,Australian Grand Prix,2024,3,2024-03-24,train
0 days 01:21:08.412000,RUS,63,0 days 00:01:23.366000,16.0,2.0,,,0 days 00:00:28.959000,0 days 00:00:17.999000,0 days 00:00:36.408000,0 days 01:20:14.034000,0 days 01:20:32.033000,0 days 01:21:08.441000,279.0,320.0,301.0,295.0,False,HARD,8.0,True,Mercedes,0 days 01:19:45.046000,,1,7.0,False,,False,True,2024-03,Australian Grand Prix,2024,3,2024-03-24,train
0 days 01:22:49.897000,RUS,63,0 days 00:01:41.485000,17.0,2.0,,,0 days 00:00:28.891000,0 days 00:00:25.542000,0 days 00:00:47.052000,0 days 01:21:37.332000,0 days 01:22:02.874000,0 days 01:22:49.926000,273.0,126.0,197.0,300.0,False,HARD,9.0,True,Mercedes,0 days 01:21:08.412000,,1267,6.0,False,,False,False,2024-03,Australian Grand Prix,2024,3,2024-03-24,train
0 days 01:24:17.063000,RUS,63,0 days 00:01:27.166000,18.0,2.0,,,0 days 00:00:33.098000,0 days 00:00:18.270000,0 days 00:00:35.798000,0 days 01:23:23.024000,0 days 01:23:41.294000,0 days 01:24:17.092000,277.0,297.0,289.0,209.0,False,HARD,10.0,True,Mercedes,0 days 01:22:49.897000,,71,6.0,False,,False,False,2024-03,Australian Grand Prix,2024,3,2024-03-24,train
0 days 01:25:39.463000,RUS,63,0 days 00:01:22.400000,19.0,2.0,,,0 days 00:00:28.473000,0 days 00:00:18.213000,0 days 00:00:35.714000,0 days 01:24:45.565000,0 days 01:25:03.778000,0 days 01:25:39.492000,276.0,304.0,289.0,304.0,True,HARD,11.0,True,Mercedes,0 days 01:24:17.063000,,1,6.0,False,,False,True,2024-03,Australian Grand Prix,2024,3,2024-03-24,train
0 days 01:27:01.897000,RUS,63,0 days 00:01:22.434000,20.0,2.0,,,0 days 00:00:28.564000,0 days 00:00:18.253000,0 days 00:00:35.617000,0 days 01:26:08.056000,0 days 01:26:26.309000,0 days 01:27:01.926000,276.0,303.0,289.0,298.0,False,HARD,12.0,True,Mercedes,0 days 01:25:39.463000,,1,6.0,False,,False,True,2024-03,Australian Grand Prix,2024,3,2024-03-24,train
0 days 01:28:25.326000,RUS,63,0 days 00:01:23.429000,21.0,2.0,,,0 days 00:00:28.421000,0 days 00:00:18.160000,0 days 00:00:36.848000,0 days 01:27:30.347000,0 days 01:27:48.507000,0 days 01:28:25.355000,276.0,305.0,300.0,296.0,False,HARD,13.0,True,Mercedes,0 days 01:27:01.897000,,1,7.0,False,,False,True,2024-03,Australian Grand Prix,2024,3,2024-03-24,train
0 days 01:29:48.164000,RUS,63,0 days 00:01:22.838000,22.0,2.0,,,0 days 00:00:28.819000,0 days 00:00:18.206000,0 days 00:00:35.813000,0 days 01:28:54.174000,0 days 01:29:12.380000,0 days 01:29:48.193000,278.0,304.0,290.0,307.0,False,HARD,14.0,True,Mercedes,0 days 01:28:25.326000,,1,7.0,False,,False,True,2024-03,Australian Grand Prix,2024,3,2024-03-24,train
0 days 01:31:11.176000,RUS,63,0 days 00:01:23.012000,23.0,2.0,,,0 days 00:00:28.852000,0 days 00:00:18.200000,0 days 00:00:35.960000,0 days 01:30:17.045000,0 days 01:30:35.245000,0 days 01:31:11.205000,276.0,307.0,289.0,296.0,False,HARD,15.0,True,Mercedes,0 days 01:29:48.164000,,1,7.0,False,,False,True,2024-03,Australian Grand Prix,2024,3,2024-03-24,train
0 days 01:32:34.118000,RUS,63,0 days 00:01:22.942000,24.0,2.0,,,0 days 00:00:28.776000,0 days 00:00:18.226000,0 days 00:00:35.940000,0 days 01:31:39.981000,0 days 01:31:58.207000,0 days 01:32:34.147000,277.0,306.0,289.0,298.0,False,HARD,16.0,True,Mercedes,0 days 01:31:11.176000,,1,7.0,False,,False,True,2024-03,Australian Grand Prix,2024,3,2024-03-24,train
0 days 01:33:56.821000,RUS,63,0 days 00:01:22.703000,25.0,2.0,,,0 days 00:00:28.600000,0 days 00:00:18.194000,0 days 00:00:35.909000,0 days 01:33:02.747000,0 days 01:33:20.941000,0 days 01:33:56.850000,275.0,304.0,289.0,298.0,False,HARD,17.0,True,Mercedes,0 days 01:32:34.118000,,1,7.0,False,,False,True,2024-03,Australian Grand Prix,2024,3,2024-03-24,train
0 days 01:35:19.706000,RUS,63,0 days 00:01:22.885000,26.0,2.0,,,0 days 00:00:28.744000,0 days 00:00:18.305000,0 days 00:00:35.836000,0 days 01:34:25.594000,0 days 01:34:43.899000,0 days 01:35:19.735000,274.0,300.0,290.0,297.0,False,HARD,18.0,True,Mercedes,0 days 01:33:56.821000,,1,7.0,False,,False,True,2024-03,Australian Grand Prix,2024,3,2024-03-24,train
0 days 01:36:42.844000,RUS,63,0 days 00:01:23.138000,27.0,2.0,,,0 days 00:00:28.879000,0 days 00:00:18.293000,0 days 00:00:35.966000,0 days 01:35:48.614000,0 days 01:36:06.907000,0 days 01:36:42.873000,274.0,301.0,289.0,299.0,False,HARD,19.0,True,Mercedes,0 days 01:35:19.706000,,1,7.0,False,,False,True,2024-03,Australian Grand Prix,2024,3,2024-03-24,train
0 days 01:38:05.940000,RUS,63,0 days 00:01:23.096000,28.0,2.0,,,0 days 00:00:28.885000,0 days 00:00:18.342000,0 days 00:00:35.869000,0 days 01:37:11.758000,0 days 01:37:30.100000,0 days 01:38:05.969000,276.0,301.0,290.0,298.0,False,HARD,20.0,True,Mercedes,0 days 01:36:42.844000,,1,7.0,False,,False,True,2024-03,Australian Grand Prix,2024,3,2024-03-24,train
0 days 01:39:28.603000,RUS,63,0 days 00:01:22.663000,29.0,2.0,,,0 days 00:00:28.822000,0 days 00:00:18.238000,0 days 00:00:35.603000,0 days 01:38:34.791000,0 days 01:38:53.029000,0 days 01:39:28.632000,277.0,302.0,289.0,297.0,False,HARD,21.0,True,Mercedes,0 days 01:38:05.940000,,1,7.0,False,,False,True,2024-03,Australian Grand Prix,2024,3,2024-03-24,train
0 days 01:40:51.266000,RUS,63,0 days 00:01:22.663000,30.0,2.0,,,0 days 00:00:28.614000,0 days 00:00:18.224000,0 days 00:00:35.825000,0 days 01:39:57.246000,0 days 01:40:15.470000,0 days 01:40:51.295000,274.0,298.0,289.0,292.0,False,HARD,22.0,True,Mercedes,0 days 01:39:28.603000,,1,7.0,False,,False,True,2024-03,Australian Grand Prix,2024,3,2024-03-24,train
0 days 01:42:13.781000,RUS,63,0 days 00:01:22.515000,31.0,2.0,,,0 days 00:00:28.718000,0 days 00:00:18.249000,0 days 00:00:35.548000,0 days 01:41:20.013000,0 days 01:41:38.262000,0 days 01:42:13.810000,276.0,300.0,290.0,303.0,False,HARD,23.0,True,Mercedes,0 days 01:40:51.266000,,1,7.0,False,,False,True,2024-03,Australian Grand Prix,2024,3,2024-03-24,train
0 days 01:43:36.491000,RUS,63,0 days 00:01:22.710000,32.0,2.0,,,0 days 00:00:28.773000,0 days 00:00:18.307000,0 days 00:00:35.630000,0 days 01:42:42.583000,0 days 01:43:00.890000,0 days 01:43:36.520000,274.0,297.0,289.0,298.0,False,HARD,24.0,True,Mercedes,0 days 01:42:13.781000,,1,7.0,False,,False,True,2024-03,Australian Grand Prix,2024,3,2024-03-24,train
0 days 01:44:58.952000,RUS,63,0 days 00:01:22.461000,33.0,2.0,,,0 days 00:00:28.591000,0 days 00:00:18.249000,0 days 00:00:35.621000,0 days 01:44:05.111000,0 days 01:44:23.360000,0 days 01:44:58.981000,276.0,298.0,289.0,296.0,False,HARD,25.0,True,Mercedes,0 days 01:43:36.491000,,1,7.0,False,,False,True,2024-03,Australian Grand Prix,2024,3,2024-03-24,train
0 days 01:46:21.305000,RUS,63,0 days 00:01:22.353000,34.0,2.0,,,0 days 00:00:28.601000,0 days 00:00:18.210000,0 days 00:00:35.542000,0 days 01:45:27.582000,0 days 01:45:45.792000,0 days 01:46:21.334000,277.0,300.0,290.0,297.0,True,HARD,26.0,True,Mercedes,0 days 01:44:58.952000,,1,7.0,False,,False,True,2024-03,Australian Grand Prix,2024,3,2024-03-24,train
0 days 01:47:43.896000,RUS,63,0 days 00:01:22.591000,35.0,2.0,,,0 days 00:00:28.764000,0 days 00:00:18.197000,0 days 00:00:35.630000,0 days 01:46:50.098000,0 days 01:47:08.295000,0 days 01:47:43.925000,275.0,299.0,290.0,297.0,False,HARD,27.0,True,Mercedes,0 days 01:46:21.305000,,1,6.0,False,,False,True,2024-03,Australian Grand Prix,2024,3,2024-03-24,train
0 days 01:49:06.433000,RUS,63,0 days 00:01:22.537000,36.0,2.0,,,0 days 00:00:28.607000,0 days 00:00:18.165000,0 days 00:00:35.765000,0 days 01:48:12.532000,0 days 01:48:30.697000,0 days 01:49:06.462000,274.0,301.0,289.0,301.0,False,HARD,28.0,True,Mercedes,0 days 01:47:43.896000,,1,6.0,False,,False,True,2024-03,Australian Grand Prix,2024,3,2024-03-24,train
0 days 01:50:28.841000,RUS,63,0 days 00:01:22.408000,37.0,2.0,,,0 days 00:00:28.510000,0 days 00:00:18.147000,0 days 00:00:35.751000,0 days 01:49:34.972000,0 days 01:49:53.119000,0 days 01:50:28.870000,277.0,303.0,290.0,298.0,False,HARD,29.0,True,Mercedes,0 days 01:49:06.433000,,1,6.0,False,,False,True,2024-03,Australian Grand Prix,2024,3,2024-03-24,train
0 days 01:51:51.016000,RUS,63,0 days 00:01:22.175000,38.0,2.0,,,0 days 00:00:28.493000,0 days 00:00:18.082000,0 days 00:00:35.600000,0 days 01:50:57.363000,0 days 01:51:15.445000,0 days 01:51:51.045000,277.0,304.0,290.0,298.0,True,HARD,30.0,True,Mercedes,0 days 01:50:28.841000,,1,6.0,False,,False,True,2024-03,Australian Grand Prix,2024,3,2024-03-24,train
0 days 01:53:13.183000,RUS,63,0 days 00:01:22.167000,39.0,2.0,,,0 days 00:00:28.472000,0 days 00:00:18.104000,0 days 00:00:35.591000,0 days 01:52:19.517000,0 days 01:52:37.621000,0 days 01:53:13.212000,277.0,304.0,291.0,297.0,True,HARD,31.0,True,Mercedes,0 days 01:51:51.016000,,1,6.0,False,,False,True,2024-03,Australian Grand Prix,2024,3,2024-03-24,train
0 days 01:54:35.656000,RUS,63,0 days 00:01:22.473000,40.0,2.0,,,0 days 00:00:28.756000,0 days 00:00:18.009000,0 days 00:00:35.708000,0 days 01:53:41.968000,0 days 01:53:59.977000,0 days 01:54:35.685000,277.0,308.0,290.0,306.0,False,HARD,32.0,True,Mercedes,0 days 01:53:13.183000,,1,6.0,False,,False,True,2024-03,Australian Grand Prix,2024,3,2024-03-24,train
0 days 01:55:57.975000,RUS,63,0 days 00:01:22.319000,41.0,2.0,,,0 days 00:00:28.561000,0 days 00:00:17.981000,0 days 00:00:35.777000,0 days 01:55:04.246000,0 days 01:55:22.227000,0 days 01:55:58.004000,275.0,304.0,291.0,301.0,False,HARD,33.0,True,Mercedes,0 days 01:54:35.656000,,1,5.0,False,,False,True,2024-03,Australian Grand Prix,2024,3,2024-03-24,train
0 days 01:57:20.232000,RUS,63,0 days 00:01:22.257000,42.0,2.0,,,0 days 00:00:28.651000,0 days 00:00:18.023000,0 days 00:00:35.583000,0 days 01:56:26.655000,0 days 01:56:44.678000,0 days 01:57:20.261000,278.0,305.0,290.0,293.0,False,HARD,34.0,True,Mercedes,0 days 01:55:57.975000,,1,5.0,False,,False,True,2024-03,Australian Grand Prix,2024,3,2024-03-24,train
0 days 01:58:42.343000,RUS,63,0 days 00:01:22.111000,43.0,2.0,,,0 days 00:00:28.479000,0 days 00:00:18.027000,0 days 00:00:35.605000,0 days 01:57:48.740000,0 days 01:58:06.767000,0 days 01:58:42.372000,278.0,303.0,290.0,298.0,True,HARD,35.0,True,Mercedes,0 days 01:57:20.232000,,1,5.0,False,,False,True,2024-03,Australian Grand Prix,2024,3,2024-03-24,train
0 days 02:00:04.440000,RUS,63,0 days 00:01:22.097000,44.0,2.0,,,0 days 00:00:28.459000,0 days 00:00:18.060000,0 days 00:00:35.578000,0 days 01:59:10.831000,0 days 01:59:28.891000,0 days 02:00:04.469000,278.0,301.0,289.0,299.0,True,HARD,36.0,True,Mercedes,0 days 01:58:42.343000,,1,5.0,False,,False,True,2024-03,Australian Grand Prix,2024,3,2024-03-24,train
0 days 02:01:40.783000,RUS,63,0 days 00:01:36.343000,45.0,2.0,,0 days 02:01:25.030000,0 days 00:00:28.436000,0 days 00:00:18.042000,0 days 00:00:49.865000,0 days 02:00:32.905000,0 days 02:00:50.947000,0 days 02:01:40.812000,278.0,302.0,,298.0,False,HARD,37.0,True,Mercedes,0 days 02:00:04.440000,,1,6.0,False,,False,False,2024-03,Australian Grand Prix,2024,3,2024-03-24,train
0 days 02:03:07.217000,RUS,63,0 days 00:01:26.434000,46.0,3.0,0 days 02:01:42.825000,,0 days 00:00:33.556000,0 days 00:00:17.996000,0 days 00:00:34.882000,0 days 02:02:14.368000,0 days 02:02:32.364000,0 days 02:03:07.246000,276.0,299.0,293.0,234.0,False,HARD,1.0,True,Mercedes,0 days 02:01:40.783000,,1,7.0,False,,False,False,2024-03,Australian Grand Prix,2024,3,2024-03-24,train
0 days 02:04:27.543000,RUS,63,0 days 00:01:20.326000,47.0,3.0,,,0 days 00:00:27.721000,0 days 00:00:17.919000,0 days 00:00:34.686000,0 days 02:03:34.967000,0 days 02:03:52.886000,0 days 02:04:27.572000,278.0,301.0,293.0,302.0,True,HARD,2.0,True,Mercedes,0 days 02:03:07.217000,,1,7.0,False,,False,True,2024-03,Australian Grand Prix,2024,3,2024-03-24,train
0 days 02:05:48.282000,RUS,63,0 days 00:01:20.739000,48.0,3.0,,,0 days 00:00:27.983000,0 days 00:00:17.916000,0 days 00:00:34.840000,0 days 02:04:55.555000,0 days 02:05:13.471000,0 days 02:05:48.311000,278.0,302.0,293.0,295.0,False,HARD,3.0,True,Mercedes,0 days 02:04:27.543000,,1,7.0,False,,False,True,2024-03,Australian Grand Prix,2024,3,2024-03-24,train
0 days 02:07:09.090000,RUS,63,0 days 00:01:20.808000,49.0,3.0,,,0 days 00:00:27.856000,0 days 00:00:17.993000,0 days 00:00:34.959000,0 days 02:06:16.167000,0 days 02:06:34.160000,0 days 02:07:09.119000,282.0,305.0,294.0,301.0,False,HARD,4.0,True,Mercedes,0 days 02:05:48.282000,,1,7.0,False,,False,True,2024-03,Australian Grand Prix,2024,3,2024-03-24,train
0 days 02:08:30.072000,RUS,63,0 days 00:01:20.982000,50.0,3.0,,,0 days 00:00:28.097000,0 days 00:00:17.951000,0 days 00:00:34.934000,0 days 02:07:37.216000,0 days 02:07:55.167000,0 days 02:08:30.101000,278.0,297.0,294.0,308.0,False,HARD,5.0,True,Mercedes,0 days 02:07:09.090000,,1,7.0,False,,False,True,2024-03,Australian Grand Prix,2024,3,2024-03-24,train
0 days 02:09:50.767000,RUS,63,0 days 00:01:20.695000,51.0,3.0,,,0 days 00:00:27.913000,0 days 00:00:17.919000,0 days 00:00:34.863000,0 days 02:08:58.014000,0 days 02:09:15.933000,0 days 02:09:50.796000,282.0,306.0,294.0,295.0,False,HARD,6.0,True,Mercedes,0 days 02:08:30.072000,,1,7.0,False,,False,True,2024-03,Australian Grand Prix,2024,3,2024-03-24,train
0 days 02:11:11.296000,RUS,63,0 days 00:01:20.529000,52.0,3.0,,,0 days 00:00:27.848000,0 days 00:00:17.927000,0 days 00:00:34.754000,0 days 02:10:18.644000,0 days 02:10:36.571000,0 days 02:11:11.325000,288.0,302.0,295.0,309.0,False,HARD,7.0,True,Mercedes,0 days 02:09:50.767000,,1,7.0,False,,False,True,2024-03,Australian Grand Prix,2024,3,2024-03-24,train
0 days 02:12:31.580000,RUS,63,0 days 00:01:20.284000,53.0,3.0,,,0 days 00:00:27.824000,0 days 00:00:17.716000,0 days 00:00:34.744000,0 days 02:11:39.149000,0 days 02:11:56.865000,0 days 02:12:31.609000,287.0,315.0,304.0,296.0,True,HARD,8.0,True,Mercedes,0 days 02:11:11.296000,,1,7.0,False,,False,True,2024-03,Australian Grand Prix,2024,3,2024-03-24,train
0 days 02:13:52.774000,RUS,63,0 days 00:01:21.194000,54.0,3.0,,,0 days 00:00:28.025000,0 days 00:00:17.764000,0 days 00:00:35.405000,0 days 02:12:59.634000,0 days 02:13:17.398000,0 days 02:13:52.803000,277.0,314.0,301.0,324.0,False,HARD,9.0,True,Mercedes,0 days 02:12:31.580000,,1,7.0,False,,False,True,2024-03,Australian Grand Prix,2024,3,2024-03-24,train
0 days 02:15:13.565000,RUS,63,0 days 00:01:20.791000,55.0,3.0,,,0 days 00:00:28.079000,0 days 00:00:17.783000,0 days 00:00:34.929000,0 days 02:14:20.882000,0 days 02:14:38.665000,0 days 02:15:13.594000,286.0,309.0,306.0,308.0,False,HARD,10.0,True,Mercedes,0 days 02:13:52.774000,,1,7.0,False,,False,True,2024-03,Australian Grand Prix,2024,3,2024-03-24,train
0 days 02:16:34.220000,RUS,63,0 days 00:01:20.655000,56.0,3.0,,,0 days 00:00:27.884000,0 days 00:00:17.610000,0 days 00:00:35.161000,0 days 02:15:41.478000,0 days 02:15:59.088000,0 days 02:16:34.249000,288.0,323.0,305.0,321.0,False,HARD,11.0,True,Mercedes,0 days 02:15:13.565000,,1,7.0,False,,False,True,2024-03,Australian Grand Prix,2024,3,2024-03-24,train
0 days 02:19:04.220000,RUS,63,,57.0,3.0,,,,,,,,,,,,,,HARD,12.0,True,Mercedes,0 days 02:16:34.220000,,126,,False,,True,False,2024-03,Australian Grand Prix,2024,3,2024-03-24,train
